,categories,slug,wares
0,"['developer', 'mac', 'web']",alex.payne,"['macbook-pro', 'cinema-display', 'readynas-nv-plus', 'time-machine', 'airport-express', 'safari-adblock', 'google-calendar', 'istat-pro', 'google-apps', 'review-board', 'bloom-ios', 'google-reader', 'plan-9']"
1,"['mac', 'musician']",jona.bechtolt,"['audio-kontrol-1', 'powershot-sd1000', 'live', 'mda-vst', 'reason', 'final-cut-pro', 'motion', 'flash']"
2,"['game', 'suit', 'windows']",gabe.newell,"['oa-desk', 'beyond-tv', 'windows-xp', 'office', 'visual-studio', 'bloglines']"
3,"['developer', 'mac', 'software']",steven.frank,"['mac-pro', 'macbook-air', 'apple-tv', 'itunes', 'address-book', 'mobile-me', 'vmware-fusion', 'wow']"
4,"['mac', 'writer']",john.gruber,"['macbook-pro', 'cinema-display', 'iphone-3g', 'gr-digital', 'rebel-xt', 'ef-28mm-f2.8', 'ef-50mm-f1.8-ii', 'flip-ultra', 'zi6', 'time-capsule', 'domehub', 'signo-gel-rt', 'script-debugger', 'sound-studio', 'mail', 'keyboard-maestro', 'omnioutliner-pro', 'the-hit-list', 'tweetie-ios', 'things-ios', 'netnewswire-ios', 'movable-type']"
5,"['artist', 'icon', 'mac']",david.lanham,"['mac-pro', 'intuos', 'cintiq', 'illustrator', 'on-the-job', 'mail', 'superduper', 'time-machine']"
6,"['mac', 'musician']",jonathan.coulton,"['mac-mini', 'digi-002', '376', 'pod-pro', 'mx200', 'ksm32', 'sm57', 'live', 'strat', 'esquire', 'mahogany-ukulele', 'pro-tools-le', 'gforce-m-tron-pro', 'reel-drums', 'pro-tools-hd']"
7,"['developer', 'mac', 'web', 'windows']",why,[]
8,"['developer', 'mac', 'web', 'windows', 'writer']",gina.trapani,"['macbook-pro', 'icurve', 'jerker', 'g1', 'windows-xp', 'windows-vista', 'windows-7', 'leopard', 'google-reader', 'google-calendar', 'google-docs', 'editplus', 'chrome', 'camtasia', 'syncback', 'instantshot', 'time-machine', 'todo.sh']"
9,"['developer', 'mac', 'web']",paul.graham,"['macbook-air', 'cinema-display', 'google-calendar', 'small-business']"
10,"['developer', 'mac', 'software']",james.thomson,"['twitkitteh-ios', 'mac-pro', 'ipod-touch', 'filemaker-pro', 'pcalc-ios', 'twitkitteh-ios', 'fieldrunners-ios']"
11,"['developer', 'game', 'mac']",steph.thirion,"['eliss-ios', 'macbook-pro', 'ipod-touch', 'sk-10', 'mail', 'tm-git-bundle', 's3', 'app-engine-launcher', 'app-engine', 'fireworks', 'illustrator', 'photoshop', 'time-machine', 'logic-pro', 'live', 'soundtrack-pro', 'battery-3']"
12,"['developer', 'film', 'mac', 'software']",garrett.murray,"['ego-ios', 'macbook-pro', 'cinema-display', 'keyboard', 'mighty-mouse', 'mx-revolution', 'companion-3', 'drobo', 'airport-extreme', 'mbox', 'ag-hvx200a', 'af-nikkor-50mm-f1.8d', 'af-nikkor-28mm-f2.8d', 'd90', 'iphone-3g', 'photoshop', 'final-cut-pro', 'pro-tools-le', 'podcast-maker', 'ego-ios', 'tweetie-ios', 'netnewswire-ios', 'things-ios', 'horror-vacui-ios', 'fieldrunners-ios']"
13,"['developer', 'mac', 'software']",sophia.teutschler,"['groceries-ios', 'tipulator-ios', 'macbook-pro', 'time-capsule', 'soundsticks', 'ipod', 'mobile-me', 'mighty-mouse']"
14,"['developer', 'mac', 'software']",alex.kohlhofer,"['no-kahuna', 'e207wfp', 'xbox-360', 'keyboard', 'eee-pc-901', 'chrome', 'safari', 'no-kahuna', 'google-reader']"
15,"['developer', 'mac', 'software']",anselm.hook,"['macbook-pro', 'mac-os-x', 'c-plusplus', 'c-sharp', 'yahoo-pipes']"
16,"['developer', 'mac', 'software']",ben.fry,"['macbook-pro', 'cinema-display', 'macbook-air', 'compass-597', 'carbon-emacs', 'hex-fiend']"
17,"['designer', 'usability', 'windows']",jakob.nielsen,"['3007wfp', 'acer-ferrari-5000', 'ipod-touch', 'windows-vista', 'office', 'photoshop-elements']"
18,"['developer', 'mac', 'software']",joe.hewitt,"['mac-pro', 'cinema-display', 'macbook-air', 'iphone-3gs', 'eos-5d-mark-ii', 'airport-extreme', 'time-machine', 'path-finder', 'photoshop', 'mac-os-x', 'mail', 'imovie', 'instapaper-ios', 'quadcamera-ios', 'yelp-ios', 'mlb-at-bat-ios', 'pandora-ios', 'kindle-ios', 'twitterrific-ios', 'facebook-ios', 'google-reader', 'ipod-touch']"
19,"['developer', 'mac', 'software', 'writer']",john.siracusa,"['mac-pro', 'cinema-display', 'gigaworks-t40', 'mx-300', 'performa-6110cd', 'dgs-2205', 'airport-extreme', 'stylus-cx7800', 'macbook-pro', 'ipod-touch', 'ipod-shuffle', 'messagepad-120', 'time-machine', 'superduper', 'emailer', 'safari-4-reload-fix', 'firebug', 'windowshade-x', 'istat-menus', 'mobile-me', 'vmware-fusion', 'boot-camp', 'twitterrific-ios', 'safari-ios', 'peggle-ios']"
20,"['mac', 'sex', 'writer']",violet.blue,"['mac-mini', 'cinema-display', 'ipod-nano', 'lumix-dmc-tz3', 'xacti-vpc-hd1000', 'xacti-vpc-wh1', 'ocean', 'n95-8g', 'word', 'google-docs', 'acrobat', 'google-calendar', 'google-reader', 'movable-type', 'mac-pro', 'inspiron-mini-10', 'stylus-1050-sw']"
21,"['artist', 'mac']",sam.brown,"['power-mac-g5', 'cintiq', 'intuos', 'powerbook-g4', 'mac-mini', 'stylus-pro-7800', 'photoshop', 'mac-pro']"
22,"['artist', 'mac']",john.martz,"['mac-pro', 'studio-display', 'cintiq', 'time-capsule', 'cintiq', 'stylus-photo-1280', 'canoscan-8800f', 'iphone-3g', 'mac-mini', 'photoshop', 'manga-studio-ex', 'after-effects', 'fontexplorer-x', 'google-reader', '2across-ios', 'byline-ios', 'evernote-ios', 'tweetie-ios', 'drop7-ios', 'instapaper-ios', 'peggle-ios', 'convertbot-ios', 'camerabag-ios']"
23,"['designer', 'game', 'mac']",steve.jackson,"['macbook-pro', 'laserjet-cp1210', 'laserjet-1200', 'photosmart-c4280', 'filemaker-pro', 'macbook-air', 'cinema-display', 'age-of-empires', 'parallels-desktop']"
24,"['mac', 'researcher']",danah.boyd,"['iphone-3g', 'mac-mini', 'mac-os-x', 'time-machine', 'ps2', 'katamari-damacy', 'mail', 'ical', 'office', 'creative-suite', 'mail-ios', 'messages-ios', 'safari-ios', 'tweetie-ios', 'summizer-ios', 'nytimes-ios', 'tripit-ios', 'kenken-ios', 'drop7-ios', 'aroundme-ios', 'foursquare-ios']"
25,"['designer', 'linux', 'usability']",mairin.duffy,"['thinkpad-x61', 'precision-470', 'rhel', 'power-mac-g4', 'illustrator', 'ps3', 'hd70', 'psp', 'ds', 'rebel-xti', 'cyber-shot-w120', 'easyshare-dx6490', 'webcam-notebook', 'lide-30', 'sansa-clip', 'flasher-v7', 'fedora', 'rhel', 'red-hat-network', 'gimp', 'statusnet', 'wordpress', 'wordpress-mu', 'gallery', 'virt-manager', 'thinkpad-t41']"
26,"['designer', 'entrepreneur', 'mac']",amit.gupta,"['macbook-pro', 'iphone-3gs', 'syncmaster-244t', 'advantage-usb', 'mx-revolution', 'compass-597', 'pulse-smartpen', 'ath-anc7b', 'optime-105', 'airport-express', 'keyboard', 'geekdesk', 'mirra', 'd70', 'af-nikkor-50mm-f1.8d', 'powershot-sd800', 'flip-ultra-hd', 'mail', 'mail', 'mail', 'address-book', 'livescribe-desktop', 'vmware-fusion', 'photoshop', 'istat-menus', 'steermouse']"
27,"['developer', 'mac', 'podcaster', 'software']",dan.benjamin,"['macbook-pro', 'cinema-display', 'keyboard', 'v450-nano', 'superduper', 'time-machine', 'my-passport-essential', '2big-quadra', 'drobo', 'voyager-q', 'iphone-3g', 'sm7b', 'fast-track-ultra', 'heil-sound-pl2t', 'airport-extreme', 'officejet-6210', 'address-book', 'final-cut-pro', 'sound-studio', 'pro-tools-m-powered', 'photoshop']"
28,"['designer', 'mac', 'web']",khoi.vinh,"['macbook-air', 'seethru-macbook-air', 'black-kbcover-apple-keyboard', '1905fp', 'cinema-display', 'expert-mouse', 'ipod-photo', 'remote', 'd70', 'mobile-me', 'google-reader', 'photoshop', 'path-finder']"
29,"['designer', 'mac', 'web']",amy.hoy,"['macbook-pro', 'cinema-display', 'pro-keyboard', 'extended-keyboard-ii', 'mx-1000', 'intuos', 'bamboo', 'iphone', 'ipod-nano', 'safari', 'the-hit-list', 'omnigraffle-pro', 'littlesnapper', 'fontexplorer-x', 'dot-grid-book', 'messagepad-2000']"
30,"['developer', 'mac', 'software']",allan.odgaard,"['commodore-64', 'mac-pro', 'mighty-mouse', 'cinema-display', 'airport-express', 'macbook-pro', 'the-unarchiver', 'numberkey-ios', 'markdown']"
31,"['designer', 'mac', 'web']",jeffrey.zeldman,"['imac', 'eames-desk', 'macbook-pro', 'tweetie-ios', 'mobile-me', 'snapz-pro-x']"
32,"['developer', 'mac', 'web', 'windows']",cal.henderson,"['mac-pro', 'boot-camp', 'keyboard', '3008wfp', 'companion-5', 'wheel-mouse-optical', 'elitebook-8530w', '2007fp', 'wired-keyboard-500', 'notebook-cooler', 'wow', 'jerker', 'mdr-7506', 'windows-xp', 'outlook-express', 'paint-shop-pro', 'google-reader', 'google-docs', 'itunes-remote']"
33,"['developer', 'mac', 'software']",loren.brichter,"['mac-pro', 'macbook-pro', 'cinema-display', 'keyboard', 'mighty-mouse', 'iphone-3gs', 'ipod-touch', 'd700', 'af-nikkor-50mm-f1.4d', 'mail', 'byline-ios', 'instapaper-ios', 'photoshop']"
34,"['developer', 'hacker', 'linux', 'mac', 'web']",aaron.swartz,"['macbook-pro', 'appledesign-powered-speakers', 'ml-1630', 'airport-express', 'embody', 'keyboard', 'g1', 'chrome', 'google-calendar', 'screen']"
35,"['designer', 'mac', 'web']",dan.cederholm,"['macbook-pro', 'powerbook-g4', 'cinema-display', 'keyboard', 'magic-mouse', 'iphone', 'apple-tv', 'd90', 'c-lux-1', 'cargo-bag', 'photoshop', 'superduper', 'vmware-fusion', 'tweetie-ios', 'mlb-at-bat-ios', 'ego-ios', 'weather-channel-ios', 'ramp-champ-ios', 'wordpress-ios']"
36,"['developer', 'linux', 'software']",richard.stallman,"['yeelong', 'xfree86']"
37,"['developer', 'linux', 'web', 'writer']",mark.pilgrim,"['thinkcentre-m57p', '2407wfp', '275t-plus', 'customizer-104-105', 'model-m', 'mx-1000', 'drobo', 'g1', 'poang', 'cyanogen', 'astrid-android', 'twidroid-android', 'connectbot-android', 'robo-defense-android', 'ubuntu', 'emacs', 'google-reader', 'squeezebox', 'google-docs', 'apple-tv', 'configurable-usb-loader', 'igroove', 'silvern-castle']"
38,"['designer', 'game', 'mac']",adam.saltsman,"['wurdle-ios', 'canabalt-ios', 'time-machine', 'airport-extreme', 'photoshop', 'pro-motion']"
39,"['developer', 'game', 'linux', 'windows']",jason.rohrer,"['inspiron-4100', 'powertower-pro-250', 'mac-mini', 'the-professional-ii', 'windows-xp', 'windows-vista', 'make', 'mac-os-x', 'game-maker']"
40,"['designer', 'mac', 'web', 'writer']",derek.powazek,"['iphone-3gs', 'macbook-pro', 'eos-5d', 'labelwriter-twin-turbo', 'creative-suite', 'mail', 'office', 'filemaker-pro']"
41,"['designer', 'interface', 'mac']",anne.halsall,"['macbook-pro', 'cinema-display', 'keyboard', 'mighty-mouse', 'magic-mouse', 'graphire', 'iphone-3gs', 'ds-lite', 'lumix-dmc-fs3', 'creative-suite', 'inform', 'lala', 'chrome', 'mac-os-x', 'escape-velocity-nova', 'dwarf-fortress', 'iie', 'mac-pro', 'macbook-air', 'ipad', 'cintiq', 'macintosh-plus', 'system-7']"
42,"['developer', 'mac', 'software']",bert.kersey,"['macbook-pro', 'g-raid', 'powerbook-g4', 'hdr-fx7', 'ipod-photo', 'at2020', 'final-cut-pro', 'soundtrack-pro', 'photoshop', 'excel', 'monster-fair-pinball']"
43,"['mac', 'suit', 'writer']",guy.kawasaki,"['macbook-pro', 'magic-mouse', 'mac-pro', 'cinema-display', 'iphone-3gs', 'nexus-one', 'chrome', 'tweetie-ios', 'tripit-ios', 'evernote-ios', 'ego-ios', 'analytics-ios', 'youre-number-one-ios']"
44,"['developer', 'mac', 'web']",david.heinemeier.hansson,"['rails', 'cinema-display', 'macbook-pro', 'macbook-air', 'scansnap-s1500m', 'magic-mouse']"
45,"['journalist', 'mac', 'writer']",bobbie.johnson,"['mac-pro', 'macbook-pro', 'powerbook-g4', 'chrome']"
46,"['hacker', 'hardware', 'linux', 'windows']",andrew.huang,"['thinkpad-t61p', 'thinkpad-mini-dock', 'w2452t', 'c325bee', 'atom-monitor', 'advantage-pro-usb', 'vx-nano', 'spacenavigator-notebook', 'flash-voyager', 'readynas-duo', 'back-ups-pro-650va', 'hf5', 'beagle-usb-480', 'cyber-shot-dsct-10', 'bold', 'dsi', 'usb-power-adapter', 'usb-memory-watch', '1975-scale-loupe-7x', 'tds5104b', 'p6245', 'smt-60a', 'wtcpt', 'independent-75', 'bhm-jl', 'vls-platform', '2000-dmm', 'windows-xp', 'vmware-workstation', 'whole-disk-encryption', 'altium-designer', 'windows-media-player', 'photoshop', 'flash', 'ida-pro', 'hex-workshop', 'subversion', 'wow']"
47,"['developer', 'web', 'windows']",blaise.aguera.y.arcas,"['vgn-z690', 'iphone-3gs', 'windows-7', 'office', 'visual-studio', 'ice', 'gimp']"
48,"['developer', 'mac', 'software']",tim.bray,"['macbook-pro', 'mac-pro', 'windows-7', 'i9900', 'dac1-usb', 'ud-01', 'rocket-88', 'multisync-2690', 'sparc-t2000', 'nexus-one', 'fluid', 'photoshop-elements', 'terminal', 'twidroid-android', 'connectbot-android', 'tunesremote-android', 'spanning-sync']"
49,"['artist', 'mac', 'sysadmin']",maggie.mcfee,"['ubuntu', 'mac-pro', 'macbook-air', 'readynas-nv-plus', 'voyager-q', 'mac-pro', 'radeon-hd-4870-mac', 'intensity-pro', 'towerraid-tr5m-b', 'sp2309w', 's2409w', 'studiophile-bx5a', 'axiom-49', 'mac-mini', 'ministack-v2.5', 'macbook-pro', 'mighty-mouse', 'magic', 'mac-os-x', 'remote-desktop', 'vmware-fusion', 'xfree86', 'final-cut-studio', 'media-composer', 'creative-suite', 'logic-studio', 'superduper', 'time-machine']"
50,"['mac', 'windows', 'writer']",joel.johnson,"['macbook-pro', 'windows-7', 'l4d2', 'tf2', 'mac-mini', 'rebel-xt', 'iphone-3gs', 'writeroom', 'google-docs', 'rebel-t2i', '1510-carry-on-case']"
51,"['developer', 'game', 'mac', 'windows']",american.mcgee,"['iphone-3g', 'dexiq-ios', 'crooked-house-ios', 'kindle', 'xbox-360', 'unreal-engine', 'photoshop']"
52,"['musician', 'windows']",christopher.leary,"['windows-7', 'radeon-hd-4850', 'micro-q-phoenix', 'evolver', 'audiofire8', 'cubase', 'mk-249c', 'express-xt', 'magma-pci', 'uad-1', 'at4040', 'pacifica-312', 'stereo96', 'o-300', 'mirra', 'z3ta', 'attack', 'battery', 'kontakt', 'uad-2-quad']"
53,"['designer', 'mac', 'writer']",craig.mod,"['macbook-pro', 'cinema-display', 'time-capsule', 'magic-mouse', 'ipod-touch', 'iphone-3gs', 'lumix-dmc-gf1', 'google-calendar', 'google-reader', 'google-docs', 'tweetie-ios', 'tweetie', 'instapaper-ios', 'simplenote-ios', 'sequel-pro', 'expressionengine', 'crashplan', 'm9', 'noctilux-m', 'summilux-m']"
54,"['editor', 'journalist', 'mac', 'photographer']",ben.hammersley,"['macbook-pro', 'macbook-air', 'weave', 'instapaper-ios', 'tweetie-ios', 'foursquare-ios', 'byline-ios', 'words-with-friends-ios', 'google-docs', 'mail']"
55,"['bsd', 'developer', 'software']",colin.percival,"['xps-m1530', 'g1', 'httpd', 'twidroid-android', 'connectbot-android', 'latitude-z']"
56,"['poet', 'security', 'windows']",sue.allspaw,"['iphone-3g', 'powershot-a95', 'word', 'excel', 'n-stalker', 'grendel-scan', 'macbook-pro', 'appdetectivepro', 'office', 'writeroom-ios']"
57,"['blogger', 'hacker', 'mac']",laura.khalil,"['moment', 'd40', 'powershot-sd1100-is', 'skyquest-xt8i', 'k2-hf', 'ddr', 'google-calendar', 'google-reader', 'google-docs']"
58,"['mac', 'manager', 'software', 'writer']",michael.lopp,"['macbook-pro', 'macbook-air', 'dividends-messenger', 'mac-pro', 'performance-mouse-mx', 'iphone-4', 'lumix-dmc-lx3', 'mac-os-x', 'word', 'transmit', 'photoshop']"
59,"['designer', 'interface', 'mac', 'writer']",dustin.curtis,"['macbook-pro', 'hd-600', 'se530', 'rebel-t1i', 'jungle-disk', 'creative-suite', 'webkit', 'vmware-fusion', 'word', 'transmit', 'aperture', 'pandora-one']"
60,"['hacker', 'hardware', 'mac', 'windows']",mitch.altman,"['tv-b-gone', 'marc-8-midi', 'escalade-7850', 'expert-mouse', 'bamboo', 'slimblade', 'natural-keyboard', 'thinkpad-t400', 'windows-vista', 'windows-7', 'office', 'quickbooks', 'quicken-deluxe', 'cool-edit-pro', 'fruityloops', 'photoshop', 'movie-maker', 'lightroom', 'brief', 'ws-ftp-pro', 'nero-burning-rom', 'avast-free', 'true-home-image']"
61,"['designer', 'developer', 'software']",stewart.smith,"['applesoft-basic', 'c-plusplus', 'ipad', 'mavis-beacon']"
62,"['artist', 'designer', 'mac', 'web']",dave.shea,"['macbook-pro', 'macbook-air', 'magic-mouse', 'rebel-xt', 'ef-28mm-f2.8', 'ef-s-10-22mm-f3.5-4.5-usm', 'ef-50mm-f1.8-ii', 'iphone-3gs', 'iphone', 'creative-suite', 'parallels-desktop', 'mobile-me', 'weathereye-ios', '1password-ios', 'air-sharing-ios', 'runkeeper-ios']"
63,"['developer', 'mac', 'scientist', 'software', 'windows']",stephen.wolfram,"['wolfram-alpha', 'windows-7', 'macbook-pro', 'thinkpad-x301', 'macbook-air', 'iphone-4', 'ipad-3g', 'connect']"
64,"['developer', 'linux', 'mac', 'software']",salvatore.sanfilippo,"['macbook-pro', 'mac-os-x', 'precision-t3500', 'iphone-3g', 'chrome', 'duckduckgo', 'time-machine', 'fvwm']"
65,"['designer', 'game', 'mac']",keita.takahashi,"['macbook-pro', 'syncmaster-730mp', 'ps3', 'happy-hacking-keyboard', 'mighty-mouse', 'magic-mouse', 'marathon-m705', 'nm705i', 'cyber-shot-hx5v', 'xel-1', 'henry-xtra', 'wave-radio-cd', 'sj-xw44s', 'path-finder', 'photoshop', 'illustrator', 'giffun', 'menucalendarclock']"
66,"['mac', 'software', 'suit']",jason.fried,"['macbook-pro', 'cinema-display', 'scansnap-s1500m', 'se530', 'ta-da-list', 'mobile-me']"
67,"['developer', 'linux', 'mac', 'software']",matthew.mckeon,"['macbook-pro', 'time-machine', 'iphone-3g', 'thinkpad-t40', 'powerbook-g4', 'xo-1', 'delicious', 'color-synthaxis', 'colour-lovers', 'kuler', 'processing.js', 'intellij-idea', 'flash-builder', 'qgis', 'lotus-notes', 'mail', 'google-calendar', 'internet-explorer', 'vmware-fusion', 'google-maps', 'twitter-ios', 'instapaper-ios', 'wikipanion-ios', 'masstransit-ios', 'nytimes-ios']"
68,"['designer', 'developer', 'mac', 'musician', 'software']",adam.glazier,"['macbook-pro', 'cinema-display', 'keyboard', 'magic-mouse', 'ipod-touch', 'nexus-one', 'streak', 'aspire-one-d250', 'touchsmart-iq816', 'mbox', 'c-2000-b', 'h-100', 'k-701', 'air-android', 'liveview-ios', 'snapz-pro-x', '1password', '1password-ios', 'soundbooth', 'max', 'pro-tools', 'guitar-rig-pro']"
69,"['designer', 'mac', 'software']",neven.mrgan,"['magic-mouse', 'iphone-4', 'web-inspector', 'liveview-ios', 'cloudapp', 'macbook-air']"
70,"['developer', 'mac', 'software', 'writer']",jeff.lamarche,"['macbook-pro', 'ipod-touch', 'nexus-one', 'laserjet-1300', 'stylus-photo-r1900', 'activity-monitor', 'word', 'terminal', 'blender', 'twitterrific-ios', 'ishowu-hd']"
71,"['developer', 'mac', 'software', 'web']",marco.arment,"['mac-pro', 'natural-ergonomic-keyboard-4000', 'magic-mouse', 'hd-280-pro', 'atom-monitor', 'scansnap-s510m', 'macbook-pro', 'iphone-4', 'eos-5d-mark-ii', 'mac-os-x', 'google-reader', 'tweetie', 'cinema-display']"
72,"['mac', 'professor', 'researcher', 'scientist']",kieran.healy,"['powerbook-145b', 'cinema-display', 'mighty-mouse', 'my-book-for-mac', 'starck', 'macbook-pro', 'iphone-3gs', 'office', 'anti-social', 'emacs-for-mac-os-x', 'mactex', 'displaywriter']"
73,"['developer', 'game', 'windows']",justin.smith,"['enviro-bear-2010-ios', 'windows-xp', 'mac-mini', 'visual-studio-express', 'photoshop', 'google-docs', 'total-commander', 'merge']"
74,"['developer', 'linux', 'mac', 'software', 'writer']",robert.love,"['lp3065', 'model-m', 'mx-518', 'macbook-pro', 'nexus-one', 'kindle', 'gnome-terminal', 'c-plusplus', 'mac-os-x', 'rhel', 'google-calendar', 'google-reader', 'google-docs']"
75,"['designer', 'editor', 'mac', 'writer']",liz.danzico,"['iphone-4', 'mac-pro', 'studio-display', 'macbook-air', 'ipad-3g', 'd40', 'c-lux-2', 'apple-tv', 'd7000y', 'google-reader', 'google-calendar', 'google-docs', 'writeboard', 'keynote-kung-fu', 'wordpress-mu', 'instapaper-ios', 'simplenote-ios', 'reeder-ios']"
76,"['developer', 'linux', 'mac', 'software']",james.gosling,"['macbook-pro', 'mac-mini', 'mac-pro', 'cinema-display', 'spaceexplorer', 'kindle', 'eos-5d-mark-ii', 'ef-24-105mm-f4l-is-usm', 'ef-100-400mm-f4.5-5.6l-is-usm', 'stylus-tough-6020', 'huckster', 'lightwave']"
77,"['food', 'mac', 'writer']",isa.chandra.moskowitz,"['macbook-pro', 'g1', 'ds', 'ipod-mini', 'eos-30d', 'powershot-g11', 'google-docs', 'google-calendar', 'google-talk', 'picsay-pro', 'grooveshark', 'photo-booth']"
78,"['comedian', 'windows']",tom.scott,"['latitude-d830', 'iphone-3g', 'n770', 'myx-2', 'vixia-hv20', 'xacti-vpc-fh1', '4104-commentators', 'notepad-plusplus', 'creative-suite', 'mpeg-streamclip']"
79,"['developer', 'mac', 'software']",craig.hockenberry,"['macbook-air', 'mac-pro', 'tactile-pro', 'extended-keyboard-ii', 'ipod-touch', 'iphone-3g', 'iphone-4', 'aego-m', 'icon-udac', 'vmware-fusion', 'remote-desktop']"
80,"['developer', 'hacker', 'mac', 'software']",jeff.lindsay,"['macbook-pro', 'bamboo', 'notify-io', 'google-calendar', 'google-apps', 'app-engine', 'remember-the-milk', 'sauce-labs']"
81,"['musician', 'windows']",mrvoletron,"['windows-7', 'presario-sr5648f', 'naga', 'g15', 'axiom-pro-49', 'carcharias', 'mdr-v600', 'companion-3', 'live', 'glitch', 'loopmasters', 'wow']"
82,"['developer', 'mac', 'suit', 'web']",chris.wanstrath,"['macbook-air', 'iphone-4', 'mx-518', 'usb-overdrive', 'kindle-for-mac', 'simplenote-ios', 'pastebot-ios', 'calcbot-ios', 'textmate-el', 'coffee-mode', 'photo-booth', 'mac-os-x', 'carcassonne-ios']"
83,"['musician', 'windows']",mc.frontalot,"['windows-7', 'ua-101', 'v-studio-100', 'at4050-cm5', 'pro-tools', 'logic-studio', 'live', 'renaissance-vox']"
84,"['mac', 'software', 'suit']",michael.sippey,"['mac-mini', 'keyboard', 'magic-mouse', 'iphone-4', 'ipad', 'chrome', 'remember-the-milk', 'windows-7', 'office', 'vmware-fusion', 'typepad-ios', 'remember-the-milk-ios', 'simplenote-ios', 'captio-ios', 'foursquare-ios', 'facebook-ios', 'kindle-ios', 'angry-birds-ios', 'mlb-at-bat-ios', 'nike-plus']"
85,"['developer', 'mac', 'web', 'windows']",todd.dominey,"['slideshowpro-player', 'slideshowpro-director', 'mac-pro', 'cinema-display', 'inspiron-6000', 'lightroom', 'macbook-pro', 'nexus-one', 'magic-mouse', 'sr80i', 'c03u', 'eos-7d', 'photoshop', 'illustrator', 'flash', 'default-folder-x']"
86,"['mac', 'photographer', 'software']",ted.leung,"['macbook-pro', 'cinema-display', 'performance-mouse-mx', 'time-capsule', 'mac-pro', 'superduper', 'z-5500', 'keyboard', 'mx-revolution', 'scansnap-s1500m', 'colormunki-photo', 'iphone-4', 'lumix-dmc-gf1', 'd3', 'fluid', 'mail', 'mail-act-on', 'keyboard-maestro', 'evernote-mac', 'mindnode-pro', 'office', 'path-finder', 'istat-menus', 'default-folder-x', 'omnifocus-ios', 'evernote-ios', 'instapaper-ios', 'goodreader-ios', 'flipboard-ios', 'twitter-ios', 'camera-plus-ios', 'facebook-ios', 'foursquare-ios', 'tripit-ios', 'yelp-ios', 'urbanspoon-ios']"
87,"['developer', 'software', 'windows']",michael.ogawa,"['code-swarm', 'evolines', 'xps-m1530', 'silver-river-duo', 'drum-rocker-xbox', 'windows-7', 'chrome', 'google-calendar', 'google-docs', 'google-reader', 'vim', 'macbook-air']"
88,"['developer', 'linux', 'mac', 'software', 'windows']",aaron.boodman,"['windows-vista', 'mac-pro', '2-port-ps-2-kvm', 'thinkpad-t61', 'cr-48', 'ubuntu']"
89,"['artist', 'film', 'mac']",adam.lisagor,"['macbook-pro', 'mac-pro', 'macbook-air', 'cinema-display', 'intuos', 'magic-mouse', 'keyboard', 'soundsticks', 'time-capsule', 'sp88x', 'fast-track-pro', 'nova', 'mdr-7506', 'apple-tv', 'atv-flash', 'eos-7d', 'ew-100-g3', 'me-66', 'dr-100', 'final-cut-studio', 'logic-studio', 'after-effects', 'transmit', 'call-recorder', 'snapz-pro-x', 'notational-velocity', 'final-draft', 'birdhouse-ios', 'twitter-ios', 'remote-ios', 'ignition-ios']"
90,"['developer', 'mac', 'web']",matt.biddulph,"['performance-p256', 'freeagent-goflex', 'henge-dock', 'cinema-display', 'mm-1', 'ath-m50', 'ipad-3g', 'eos-5d-mark-ii', 'macvim', 'lightroom', 'traktor-pro', 'live', 'google-reader', 'notational-velocity', 'mobile-me', 'time-capsule', 'kindle-ios', 'instapaper-ios', 'reeder-ios', 'simplenote-ios', 'twitter-ios', 'showwx']"
91,"['artist', 'designer', 'mac']",tony.ruth,"['cintiq', 'imac', 'powermate', 'magic-trackpad', 'power-mac-g5', 'cinema-display', 'lx7', 'macbook-pro', 'ipad-3g', 'iphone-3g', 'powershot-g10', 'photoshop', 'sketchup', 'google-calendar']"
92,"['developer', 'game', 'mac', 'writer']",andrew.plotkin,"['power-mac-g4', 'studio-display', 'u2410', 'macbook-pro', 'uru', 'tactile-pro', 'ipad-3g', 'ipod-touch', 'iphone', 'audio-hijack-pro', 'sketchup', 'inform', 'icab-ios', 'issh-ios', 'mac-mini', 'macbook-air']"
93,"['artist', 'designer', 'developer', 'game', 'mac']",derek.yu,"['eternal-daughter', 'macbook-pro', 'windows-xp', 'intuos', 'pitt', 'photosmart-c4580', 'visual-studio', 'game-maker', 'diabolika-ios', 'photoshop', 'illustrator', 'notepad-plusplus']"
94,"['game', 'mac', 'writer']",emily.short,"['macbook-pro', 'windows-xp', 'xbox-360', 'ipad', 'cx-300-ii', 'mac-os-x', 'word', 'photoshop-elements']"
95,"['developer', 'web', 'windows']",martin.kool,"['latitude-x1', 'latitude-e4200', 'ipad-3g', 'flipboard-ios', 'optiplex-760', 'windows-xp', 'visual-studio', 'c-sharp', 'total-commander']"
96,"['designer', 'mac', 'type', 'web']",jessica.hische,"['cinema-display', 'magic-mouse', 'magic-trackpad', 'ball', 'macbook-pro', 'macbook-air', 'creative-suite', 'lumix-dmc-gf1', 'fontlab-studio', 'google-calendar', 'teuxdeux']"
97,"['game', 'suit', 'windows']",martijn.van.der.meulen,"['playstation-home', 'nexus-s', 'inspiron-mini-9', 'ps3', 'psp', 'rebel-xti', 'wake-up-light', 'excel', 'windows-xp', 'rainmeter', 'chrome', 'google-docs', 'google-reader', 'spotify', 'websharing-android', 'human-japanese-android', 'hyper-jump-android', 'game-dev-story-android']"
98,"['developer', 'mac', 'software', 'systems']",rui.carmo,"['mac-mini', 'optiplex-380', 'macbook-pro', 'iphone-3gs', 'ipod-touch', 'airport-extreme', 'airport-express', 'mac-os-x', 'mobile-me', 'office', 'creative-suite', 'dropbox-ios', 'evernote-ios', '2do-ios', 'keynote-ios', 'pages-ios', 'numbers-ios', 'omnigraffle-ios', 'reeder-ios', 'instapaper-ios', 'stanza-ios', 'goodreader-ios', 'nebulous-notes-ios', 'issh-ios', 'iteleport-ios', 'macbook-air']"
99,"['windows', 'writer']",warren.ellis,"['thinkpad-w701', 'windows-7', 'eee-pc-701', 'windows-xp', 'iphone-3gs', 'kindle', 'final-draft', 'jungle-disk', 'memeo-backup', 'google-reader', 'seesmic-desktop', 'reeder-ios', 'kindle-ios', 'guardian-ios', 'bbc-news-ios', 'evernote-ios', 'dropbox-ios', 'wikipanion-ios', 'instapaper-ios', 'convert-ios', 'twitterrific-ios', 'instagram-ios', 'met-office-weather-ios', 'the-wire-ios', 'tumblr-ios', 'mongoliad-ios', 'tunein-radio-ios', 'stanza-ios', 'remember-the-milk']"
100,"['developer', 'mac', 'web', 'writer']",eric.meyer,"['macbook-pro', 'mx500', 'power-mac-g4', 'cinema-display', 'iphone-3gs', 'mac-os-x', 'windows-xp', 'vmware-fusion', 'internet-explorer', 'windows-7', 'marcopolo', 'photoshop', 'camino', 'acrobat', 'mousepose', 'paparazzi', 'digitalcolor-meter', 'extended-keyboard-ii']"
101,"['designer', 'developer', 'game', 'mac', 'web']",shaun.inman,"['horror-vacui-2-ios', 'mimeo-ios', 'noisees-ios', 'macbook-pro', 'ipod-touch', 'ipad', 'ds-lite', 'psp-3000', 'super-smartjoy', 'cinema-display', 'c01u', 'keystation-61es', 'time-capsule', 'airport-extreme', 'power-mac-g5', 'explorer-mouse', 'magic-mouse', 'keyboard', 'photoshop', 'isimulate-ios', 'screens-ios', 'audio-overload']"
102,"['artist', 'mac']",bryan.lee.omalley,"['magic-trackpad', 'magic-mouse', '10000xl', 'final-draft']"
103,"['developer', 'mac', 'web']",thomas.fuchs,"['script.aculo.us', 'prototype', 'rails', 'freckle', 'macbook-pro', 'iphone-4', 'cinema-display', 'mstand', 'magic-mouse', 'magic-trackpad', 'g500', 'chrome', 'terminal', 'vmware-fusion', 'server-density']"
104,"['game', 'suit', 'windows']",simon.carless,"['firebird', 've245tl', 'horizon-mm226', 'natural-ergonomic-desktop-7000', 'thinkpad-x201', 'torch-9800', 'xbox-360', 'ps3', 'wii', 'gn-twin', 'retro-duo', 'dsi', 'ds', 'psp', 'ipod-touch', '3ds', 'aero-city', 'neo-geo-mvs', 'st-v', 'firefox', 'movable-type', 'trillian', 'trillian-sip', 'windows-vista', 'world-of-goo-ios', 'plants-vs-zombies-ios', 'helsings-fire-ios', 'kometen-ios', 'reeder-ios', 'google-reader', 'mog', 'trials-hd', 'pinball-fx-2', 'pac-man-ce-dx', 'epic-mickey', 'rock-band']"
105,"['developer', 'journalist', 'mac', 'web']",mg.siegler,"['macbook-air', 'macbook-pro', 'time-machine', 'time-capsule', 'magic-mouse', 'magic-trackpad', 'iphone-4', 'windows-7', 'boot-camp', 'ipad-2', 'mac-app-store', 'twitter-mac', 'reeder']"
106,"['mac', 'photographer', 'windows']",nate.smith,"['macbook-pro', 'd700', 'd300', 'af-s-nikkor-24-70mm-f2.8g-ed', 'af-s-nikkor-24-120mm-f3.5-5.6g-if-ed', '70-200mm-ex-dg', 'sb-800-af-speedlight', 'qb-1-plus', 'c-lux-3', 'tweetdeck', 'internet-explorer']"
107,"['designer', 'developer', 'mac', 'web']",rasmus.andersson,"['macbook-pro', 'iphone-4', 'living-lv2', 'm6', '500-cm', 'mx-400', 'gmail', 'google-calendar', 'google-docs', 'mac-os-x', 'noejectdelay', 'visor', 'twitter-mac']"
108,"['designer', 'mac', 'web']",wilson.miner,"['macbook-pro', 'cinema-display', 'boot-camp', 'performance-mouse-mx', 'freeagent-go', 'mac-mini', 'readynas-nv-plus', 'tc-7520', 'beolab-4000', 'hd-650', 'icon-udac', 'sr60i', 'iphone-3gs', 'kindle-ios', 'air-video', 'notational-velocity', 'google-docs', 'twitter-mac', 'reeder']"
109,"['developer', 'mac', 'software', 'windows']",russ.cox,"['plan-9', 're2', 'go', 'mac-mini', '2001fp', 'ml-1750', 'time-capsule', 'readynas-duo', 'scansnap-s510', 'keyboard', 'verticalmouse', 'thinkpad-x40', 'thinkpad-x201s', 'quietcomfort-2', 'quietcomfort-15', 'nexus-one', 'd90', 'af-s-dx-nikkor-18-200mm-f3.5-5.6g-ed-vr-ii', 'kindle', 'plan-9', 'plan-9-user-space', 'acme', 'sam', 'ed', 'chrome', 'google-reader', 'google-voice', 'smugfolio-android', 'tripit-android', 'internet-tv-blu-ray']"
110,"['artist', 'developer', 'mac', 'windows']",robert.hodgin,"['macbook-pro', 'iphone-4', '3g-microcell', 'xbox-360', 'c-plusplus', 'photoshop', 'twitter-mac']"
111,"['hacker', 'mac', 'space']",ariel.waldman,"['one-touch-tea-maker', 'lebistro-pet-feeder', 'nabaztag', 'pro-tt2', 'apple-tv', 'airport-express', 'torch-9800', 'ipod-touch', 'macbook-pro', 'mifi', 'd80', 'on-the-job', 'audio-recorder', 'creative-suite', 'firefox', 'twitter-mac', 'powerpoint']"
112,"['artist', 'designer', 'mac', 'writer']",frank.chimero,"['iphone-4', 'kindle', 'macbook-air', 'lumix-dmc-gf1', 'apple-tv', 'google-calendar', 'google-reader', 'reeder-ios', 'instapaper-ios', 'simplenote-ios', 'superduper', 'flipboard-ios']"
113,"['mac', 'writer']",joshua.allen,"['slimtype-mac', 'optical-mouse', 'snowball', 'iphone-4']"
114,"['developer', 'mac', 'software', 'web']",leah.culver,"['macbook-air', 'iphone-4', 'google-docs', 'google-maps', 'google-calendar', 'foursquare-ios', 'yelp-ios', 'taxi-magic-ios', 'uber-ios', 'reeder-ios', 'instagram-ios', 'path-ios', 'echofon-ios', 'kindle-ios', 'plancast-ios', 'convore-ios']"
115,"['developer', 'linux', 'mac', 'software']",andy.smith,"['macbook-pro', 'switch2', 'cinema-display', 'model-s-ultimate', 'mx-518', 'qck-heavy', 'hd-280-pro', 'hd-650', 'sl-1200', 'g2-7600', 'cr-48', '3007wfp', 'bamboo', 'evo-shift-4g', 'm8.2', 'kindle', 'xbox-360', 'mac-os-x', 'chrome', 'vim', 'nerdcommenter', 'lightroom', 'cyanogen', 'kindle-android', 'foursquare-android', 'gmail-android', 'google-voice-android', 'starcraft-2']"
116,"['developer', 'mac', 'suit', 'web']",tom.preston-werner,"['macbook-pro', 'terminal', 'chrome', 'gmail', 'istat-menus', 'mac-pro']"
117,"['developer', 'mac', 'suit', 'web']",anil.dash,"['macbook-air', 'mac-mini', 'cinema-display', 'chrome', 'movable-type', 'google-docs', 'twitter-ios', 'words-with-friends-ios', 'google-authenticator-ios']"
118,"['mac', 'photographer']",kathryn.yu,"['eos-5d-mark-ii', 'ef-70-200mm-f2.8l-is-usm', 'speedlight-580ex', 'speedlight-430ex', 'lc-a', 'diana-f-plus', 'sprocket-rocket', 'fisheye-2', 'actionsampler', 'ultra-wide-and-slim', 'xa2', 'macbook-air', 'iview-mediapro', 'photo-mechanic', 'photoshop', 'cinema-display']"
119,"['artist', 'designer', 'developer', 'film', 'mac', 'musician', 'software']",josh.nimoy,"['myron', 'macbook-pro', 'droid-2', '22-802', 'wes51', 'squirt-e4', 'superpro-280u', 'mac-os-x', 'windows-xp', 'make', 'codeblocks', 'visual-studio', 'subversion', 'c-plusplus']"
120,"['editor', 'mac', 'writer']",kevin.kelly,"['power-mac-g5', 'cinema-display', 'macbook-air', 'graphire', 'p5', 'magiscope-70', 'quietcomfort-15', 'l1d-ce', 'wireless-presenter-r400', 'nuvi-1300', 'lumix-dmc-fz35', 'movable-type', 'notebook-mac']"
121,"['designer', 'mac', 'software', 'web']",mark.jardine,"['imac', 'keyboard', 'magic-mouse', 'magic-trackpad', 'cinema-display', 'studiophile-av-40', 'd2-quadra', 'at2020', 'microkorg-xl', 'radium-61', 'boot-camp', 'mx-1000', 'fata1ity-hs-1000', 'ipad-2', 'macbook-air', 'ristretto-ipad', 'se530', 'psp-go', '3ds', 'iphone-4', 'eos-5d-mark-ii', 'speedlight-430ex', 'speedlight-580ex', 'ef-35mm-f1.4l-usm', 'ef-50mm-f1.2l-usm', 'ef-16-35mm-f2.8l-ii-usm', 'ef-70-200mm-f2.8l-is-usm', 'steadicam-merlin', 'indisliderpro', 'mac-os-x', 'address-book', 'notational-velocity', 'simplenote-ios', 'twitter-mac', 'apple-tv', 'final-cut-studio', 'logic-studio', 'mac-pro']"
122,"['developer', 'game', 'mac']",tony.warriner,"['windows-7', 'parallels-desktop', 'ipod-touch', 'iphone-3g', 'iphone-4', 'ipad-2', 'nexus-s', 'visual-studio', 'parallels-desktop', 'windows-live-messenger', 'dropbox-ios', 'whatsapp-ios', 'foursquare-ios', 'tunein-radio-ios', 'weatherpro-ios', 'tweetbot-ios']"
123,"['actor', 'game', 'mac', 'musician', 'suit']",wiley.wiggins,"['intuos', 'fp10', 'axiom-25', 'nord-lead-2', 'macbook-pro', 'wii', 'final-cut-studio', 'logic-studio', 'toon-boom-studio', 'mpeg-streamclip', 'quartz-composer', 'iteleport-ios', 'ia-writer-ios', 'blogsy-ios', 'mac-pro', 'cintiq']"
124,"['developer', 'mac', 'web']",ben.kamens,"['macbook', 'cinema-display', 'magic-trackpad', 'terminal', 'macvim', 'gmail', 'app-engine', 'macbook-pro']"
125,"['developer', 'hacker', 'mac', 'software']",josh.myer,"['macbook-pro', 'cinema-display', 'mx-lcd-arm', 'safari-fountain-pen', 'wes51', 'pinboard', 'r', 'arduino', 'eagle', 'openoffice', 'portable-puzzle-collection']"
126,"['designer', 'mac', 'software', 'web']",jon.hicks,"['macbook-air', 'cinema-display', 'iphone-4', 'macbook-pro', 'time-machine', 'illustrator', 'vmware-fusion', 'windows-xp', 'windows-7', 'evernote-mac', 'evernote-ios']"
127,"['biker', 'coffee']",katie.o.shea,"['hydra', 'hario-v60', 'chemex-6-cup', 'kone', 'robur', 'super-jolly', 'rocky', 'camano', 'mirage', 'black-cat-classic', 'el-pino', 'la-tortuga']"
128,"['designer', 'mac', 'web']",jon.tan,"['macbook-pro', 'time-capsule', 'macbook-air', 'iphone-4', 'finepix-x100', 'google-apps', 'mail', 'notational-velocity', 'simplenote-ios', 'gel-ink-0.38mm', 'grip-0.7mm', 'cp-1', 'google-docs', 'ptlens', 'gimme-bar', 'tweetbot-ios']"
129,"['designer', 'mac', 'researcher', 'writer']",nate.bolt,"['macbook-pro', 'cinema-display', 'mac-mini', 'ipad', 'eos-5d-mark-ii', 'sprint-pro-ii', 'digital-timer-remote', 'steadicam-merlin', 'google-docs', 'after-effects', 'photoshop', 'lightroom', 'autopano-pro', 'instagram-ios', 'iphone-4', 'skype-ios']"
130,"['editor', 'mac', 'writer']",thessaly.la.force,"['macbook-air', 'macbook-pro', 'iphone-3g', 'google-talk', 'photoshop', 'google-docs']"
131,"['artist', 'mac']",r.stevens,"['macbook-air', 'verticalmouse', 'magic-trackpad', 'solo', 'moccamaster-kb-741']"
132,"['fashion', 'hacker', 'windows']",shawn.thorsson,[]
133,"['coffee', 'mac', 'suit']",james.freeman,"['ceramic-dripper', 'kenaf-filters', 'aws-scale', 'takahiro.5', 'porlex-grinder']"
134,"['designer', 'film', 'hacker', 'windows']",pablo.barquin,"['arduino', 'propeller', '3ds-max', 'after-effects']"
135,"['developer', 'film', 'mac', 'software', 'windows']",bob.sabiston,"['headspace-ios', 'voxel-ios', 'inchworm-animation', 'windows-xp', 'windows-7', 'macbook-air', 'iphone-4', 'final-cut-pro', 'time-machine', 'virtual-ii']"
136,"['community', 'librarian', 'mac', 'writer']",jessamyn.west,"['macbook-air', 'satellite-110cs', 'dg-one', 'hl-2170w', 'photosmart-375', 'neoprene-air', 'cushtop', 'embody', 'z750i', 'iphone-3g', 'taco-html-edit', 'photoshop-elements', 'office', 'natsulion-ios', 'time-out', 'stickies', 'transmission', 'easynews']"
137,"['designer', 'editor', 'mac']",laura.brunow.miner,"['cinema-display', 'iphone-4', 'eos-5d-mark-ii', 'lc-a-plus', 'google-docs', 'virb', 'instagram-ios', 'kindle-ios', 'this-american-life-ios', 'ted-ios', 'rdio-ios', 'dog-park-finder-ios', 'rdio']"
138,"['mac', 'podcaster', 'writer']",horace.dediu,"['cinema-display', 'magic-mouse', 'magic-trackpad', 'time-capsule', 'laserwriter-12-640', 'macbook-pro', 'iphone-3gs', 'iphone-4', 'ipad-2', 'apple-tv', 'twitter-mac', 'mobile-me', 'jerker']"
139,"['designer', 'interface', 'mac', 'web']",david.sleight,"['macbook-pro', 'ipad-2', 'iphone-4', 'stache-labbit-plush-7-inch', 'creative-suite', 'omnigraffle-pro', 'vmware-fusion', 'things-ios']"
140,"['developer', 'mac', 'software']",gus.mueller,"['mac-pro', 'time-machine', 'cinema-display', 'mx-518', 'natural-ergonomic-keyboard-4000', 'toneport-ux1', 'intuos', 'cintiq', 'ipad', 'iphone-4', 'mail', 'twitter-mac', 'jstalk']"
141,"['artist', 'hacker', 'hardware', 'linux', 'scientist', 'windows']",jonathan.foote,"['marble-mouse', 'windows-7', 'ts-7260', 'pyosc', 'touchosc-ios', 'wes51', 'tds2004b', 'fluke-170', 'se-94', 'm14500', 'objective-c', 'visualsvn-server', 'subversion', 'eagle', 'cinema-display', 'standard-field-telescopes']"
142,"['developer', 'mac', 'web', 'windows']",john.resig,"['macbook-pro', 'windows-xp', 'mac-mini', 'w500', 'iphone-4', 'ipad-2', 'n5200', 'gmail', 'google-calendar', 'google-docs', 'vmware-fusion', 'internet-explorer', 'mysql', 'twitter-ios', 'foursquare-ios', 'carcassonne-ios', 'masstransit-ios', 'yelp-ios', 'facebook-ios', 'issh-ios', 'sabnzbd-plus', 'starcraft-2', 'words-with-friends-ios']"
143,"['data', 'mac', 'scientist']",hilary.mason,"['magic-mouse', 'macbook-pro', 'macbook-air', 'nexus-one', 'mail', 'iterm2', 'cinema-display']"
144,"['designer', 'mac', 'web']",rebekah.cox,"['quora', 'macbook-pro', 'cinema-display', 'mighty-mouse', 'macbook-air']"
145,"['developer', 'mac', 'software']",ligaya.turmelle,"['macbook-pro', 'alto-connect', 'natural-ergonomic-keyboard-4000', 'ipad-2', 'shared-shell']"
146,"['editor', 'mac', 'writer']",cheryl.klein,"['macbook-pro', 'kindle', 'sharpwriter', 'col-erase', 'droid-incredible-2', 'word']"
147,"['designer', 'developer', 'game', 'mac', 'web']",tom.armitage,"['macbook-pro', 'e2220hd', 'keyboard', 'vx-nano', 'bamboo', 'iphone-4', 'iphone-3g', 'd90', 'mac-os-x', 'macbook-air', 'vanishing-point']"
148,"['mac', 'photographer']",boone.speed,"['eos-5d-mark-ii', 'eos-7d', 'eos-60d', 'ef-24-70mm-f2.8l-usm', 'ef-16-35mm-f2.8l-ii-usm', 'ef-14mm-f2.8l-ii-usm', 'ef-24mm-f1.4l-ii-usm', 'ts-e-90mm', 'ef-50mm-f1.2l-usm', 'ts-e-17mm', 'ef-70-200mm-f2.8l-is-ii-usm', 'compuprimus-aw', 'd1-air-500', 'id-500', 'vagabond-mini', 'iphone-4', 'macbook-pro', 'little-big-disk', 'cinema-display', 'lightroom', 'creative-suite', 'address-book', 'instagram-ios']"
149,"['mac', 'writer']",meg.pickard,"['macbook-pro', 'openoffice', 'magic-trackpad', 'iphone-4', 'h2-handy-recorder', 'd70', 'sigma-30mm-f1.4', 'ultra-wide-and-slim', 'pearl-8100', 'little-snitch', 'eye-fi']"
150,"['developer', 'game', 'mac']",amanda.wixted,"['macbook-pro', 'cinema-display', 'iphone-4', 'kindle-ios', 'words-with-friends-ios', 'mx-518', 'time-capsule', 'objective-c', 'github-for-mac', 'harbor-master-ios', 'orbital-ios', 'farmville-ios', 'strategery-ios']"
151,"['developer', 'mac', 'software']",rich.siegel,"['mac-pro', 'velociraptor', '2big-quadra', 'macbook-air', 'cinema-display', '2x1-dvikvm-dl', 'customizer-104-105', 'mamba', 'wow', 'smartstor-ds4600', 'time-machine', 'impressa-f9', 'c-plusplus', 'objective-c', 'chrome', 'take-five', 'office', 'superduper']"
152,"['biker', 'designer', 'developer', 'mac', 'web']",ruthie.bendor,"['macbook-air', 'macbook-air-wallet', 'aircard-598', 'iphone-3gs', 'scharger-5', 'ksc75', 'storejet-25', 'lumix-dmc-gf2', 'ecm-ds70p', 'me-52w', 'atr-3350', 'km-iphone-mic2-ecm', 'square', 'cross-check-complete', 'long-haul-trucker-complete', 'marathon-supreme-700x28', 'titanico', 'pd-a530', 'vega', 'back-roller-plus', 'tara', 'front-roller-plus', 'ultimate5-plus', 'mc1.0', 'tigr', 'mac-os-x', 'windows-xp', 'windows-7', 'mamp-pro', 'iterm2', 'notational-velocity', 'the-levelator']"
153,"['designer', 'interface', 'mac']",crystal.beasley,"['macbook-air', 'keyboard', 'iphone-4', 'pigma-micron', 'sketch-marker', 'photoshop', 'cloudapp']"
154,"['editor', 'mac', 'windows', 'writer']",julieanne.smolinski,"['mac-pro', 'snowball', 'creative-suite', 'paint']"
155,"['artist', 'designer', 'mac']",meghan.newell,"['macbook-pro', 'mac-pro', 'scorpio-blue', 'scorpio-black', 'cinema-display', 'bamboo', 'canoscan-9000f', 'stylus-photo-r2000', 'eos-20d', 'ef-24-70mm-f2.8l-usm', 'lumix-dmc-gf1', 'dual-brush-pen-abt', 'mars-lumograph', 'graphics-360', 'cinema-4d', 'after-effects', 'suitcase-fusion', 'fontexplorer-x']"
156,"['artist', 'film', 'mac', 'windows']",fabian.pross,"['intuos', 'cinema-display', 'u2410', 'eos-500d', 'kackel-dackel', 'verner', 'shooter-case', 'pixie-plus', 'macbook-pro', 'softimage', 'royal-render', 'fusion', 'after-effects', 'google-docs', 'mac-os-x', 'windows-7', 'ubuntu-server']"
157,"['editor', 'mac', 'windows', 'writer']",nozlee.samadzadeh,"['pavilion-dv2419us', 'notebook-cooler', 'iphone-3g', 'power-mac-g5', 'satellite-l645d-s4100', 'dimension-2400', 'ipad', 'tulip-chair', 'field-notes', 'precise-v5', 'moka-express', 'gmail', 'google-docs', 'openoffice', 'google-reader', 'shakeitphoto-ios', 'twitter-ios', 'how-to-cook-everything-ios', 'words-with-friends-ios', 'kindle-ios', 'exit-strategy-nyc-ios', 'rdio-ios', 'recorder-ios', 'free-menstrual-calendar-ios', 'gourmet-live-ios', 'safari-ios', 'creative-suite', 'excel', 'internet-explorer', 'wayback-machine']"
158,"['artist', 'mac']",sirron.norris,"['cintiq', 'sketchbook-pro-ios', 'apple-tv', 'photoshop', 'cinema-4d', 'unity', 'toon-boom-studio']"
159,"['teacher', 'windows']",misha.glouberman,"['windows-xp', 'windows-7', 'fastmail']"
160,"['designer', 'game', 'windows']",robin.hunicke,"['2408wfp', 'rollermouse-pro', 'ca-2022r', 'on-ear', 'mdr-cd180', 'ps3', 'kdl-v40xbr1', 'vaio-f-series', 'xbox-360', 'roubaix-elite', 'd700', 'af-s-nikkor-16-35mm-f4g-ed-vr', 'af-nikkor-50mm-f1.4d', 'tenori-on-ios', 'google-calendar', 'google-docs', 'notepad-plusplus', 'photoshop', 'instagram-ios']"
161,"['designer', 'game', 'mac', 'windows']",kris.piotrowski,"['might-and-magic-clash-of-heroes', 'sword-and-sworcery-ios', 'macbook', 'xbox-360', 'vita', 'usb-retrobit-snes-pc-controller', 'sr80i', 'google-docs', 'boot-camp', 'windows-xp', 'ufo-enemy-unknown', 'twitter-mac', 'monotron', 'cocon']"
162,"['developer', 'linux', 'software', 'windows']",yusuke.endoh,"['thinkpad-x60', 'thinkpad-x200', 'thinkpad-x24', 'mac-os-x', 'chrome']"
163,"['mac', 'photographer']",kevin.meredith,"['lc-a', 'lc-a-plus', 'lc-wide', 'contax-t2', 'mju-ii', 'eos-5d', 'ef-28-70mm-f2.8l-usm', 'ef-50mm-f1.4-usm', 'mac-pro', 'caviar-black', 'time-machine', 'cinema-display', 'magic-mouse', 'macbook-pro', 'iphone-4', 'mac-mini', 'instagram-ios', 'everyday-ios', 'hipstamatic-ios', 'evernote-ios', 'dropbox-ios', 'lightroom', 'photoshop', 'after-effects', 'google-docs', 'twitter', 'gmail', 'firefox']"
164,"['artist', 'developer', 'mac', 'web']",ed.hunsinger,"['macbook-pro', 'iphone-4', 'ipad-3g', 'powershot-s90', 'vibe-duo', 'travel-battery-pack', 'k10d', 'smc-da-16-50mm', 'etrex-vista-hcx', 'charge-tti', 'vx2233wm', 'mx-518', 'mac-mini', 'airport-express', 'evolve', 'xbox-360', 'n300', 'gmail', 'google-docs', 'remote-ios']"
165,"['developer', 'mac', 'web']",rob.malda,"['macbook-pro', 'iphone-4', 'xbox-360', 'eos-5d-mark-ii', 'cinema-display', 'pod-pro', 'sg-standard', 'gmail', 'google-reader', 'google-docs', 'wow', 'apple-tv', 'ef-600mm-f4l-is-usm', 'ef-400mm-f2.8l-is-ii-usm']"
166,"['artist', 'mac']",amy.jean.porter,['macbook-pro']
167,"['artist', 'designer', 'game', 'windows']",matt.hammill,"['gesundheit-ios', 'studio-xps-1647', 'if-281dpb', 'scanexpress-a3-usb-1200-pro', 'intuos', 'multimix-8', 'ipod-touch', 'ipad', 'windows-7', 'creative-suite', 'after-effects', 'toon-boom-studio', 'adventure-game-studio', 'windows-xp', 'cubase-le', 'openoffice', 'google-docs', 'macbook-pro', 'cintiq']"
168,"['mac', 'scientist', 'software']",chris.slowe,"['iphone-4', 'macbook-pro', 'mac-mini', 'vmware-fusion', 'mac-pro']"
169,"['mac', 'musician', 'technologist']",seb.chan,"['macbook-pro', 'iphone-4', 'pipe-earphones', 'ath-anc7b', 'sl6', 'pma-1315r', 'squeezebox', 'sl-1200', 'firewire-audiophile', 'x-session-pro', 'mac-os-x', 'bitly', 'google-analytics', 'mail', 'littlesnapper', 'tweetdeck-ios', 'instagram-ios', 'traktor-pro', 'jungle-disk', 'macbook-air']"
170,"['engineer', 'mac', 'space']",geof.morris,"['mac-os-x', 'magic-trackpad', 'expert-mouse', 'mac-mini', 'iphone-4', 'eos-5d-mark-ii', 'eos-10d', 'ef-28mm-f2.8', 'ef-50mm-f1.4-usm', 'ef-85mm-f1.8-usm', 'ef-100mm-f2.8l-is-usm', 'ef-135mm-f2.8-softfocus', 'superduper', 'time-machine', 'crashplan', 'ef-70-200mm-f2.8l-is-usm']"
171,"['data', 'linux', 'mac', 'politics', 'scientist']",drew.conway,"['macbook-pro', 'macbook-air', 'cinema-display']"
172,"['mac', 'professor', 'scientist']",vijay.pande,"['folding-at-home', 'macbook-pro', 'cinema-display', 'iphone-4', 'iphone-3g', 'ipad-2', 'mac-os-x', 'word', 'keynote', 'address-book', 'ical']"
173,"['developer', 'linux', 'mac', 'web']",ed.finkler,"['gimme-bar', 'macbook-air', 'macbook-pro', 'mac-pro', 'mac-mini', 'thinkpad-x201', 'pre-2', 'iphone-4', 'ipad-2', 'touchpad', 'sublime-text-2', 'iterm2', 'parallels-desktop', 'notational-velocity', 'fireworks']"
174,"['artist', 'film', 'mac', 'windows']",betsy.bauer,"['cintiq', 'mac-pro', 'intuos', 'perfection-v30', 'macbook-pro', 'mac-os-x', 'windows-7', 'photoshop', 'painter', 'modbook-pro', 'eee-slate-ep121']"
175,"['artist', 'icon', 'mac']",etherbrian,"['macbook-pro', 'illustrator', 'photoshop']"
176,"['developer', 'web', 'windows']",gabriel.weinberg,"['pavilion-elite-180t', 'hz281hpb', 'dub-h7', 'quickcam-orbit-mp', 'envy-13t-1000', 'g2', 'ipad-2', 'zaggfolio-ipad-2', 'lumix-dmc-gh2', 'vmware-server', 'windows-7', 'photoshop-elements', 'twitter-ios', 'twidroid-android', 'connectbot-android', 'decaf-android']"
177,"['engineer', 'mac', 'service']",john.allspaw,"['etsy', 'macbook-pro', 'mdr-v600', 'esn40c', 'distortion-plus', 'keeley-compressor', 'maverick', 'subversion']"
178,"['mac', 'writer']",william.gibson,"['macbook-pro', 'iic', 'final-draft', 'pages-ios', 'twitterrific-ios']"
179,"['designer', 'developer', 'illustrator', 'mac', 'software']",zara.gonzalez.hoang,"['macbook-pro', 'intuos', 'ipad', 'ipad-2', 'iphone-3gs', 'iphone-4', 'stylus-nx515', 'laserjet-pro-cp1525nw', 'stylus-photo-r1900', 'eos-7d', 'field-notes', 'razor-point', 'inkling', 'kindle', 'stylus-pro-4000', 'simplenote-ios', 'notational-velocity', 'google-calendar', 'google-docs', 'twitter-mac', 'twitter-ios', 'google-reader', 'rss5000-ios', 'reeder-ios', 'nytimes-crosswords-ios', 'words-with-friends-ios', 'sketchbook-pro-ios', 'more-real', 'cinema-display', 'cintiq']"
180,"['developer', 'linux', 'mac', 'musician', 'software', 'writer']",zed.shaw,"['fret-war', 'mac-os-x', 'quattro', 'm5', 'boomerang-iii', 'dr-880', 'rock-block', 'classic-s', 'comanche', 'will-ray-signature', 'bass-vi', 'hot-rails', 'deluxe-varitone']"
181,"['mac', 'writer']",douglas.rushkoff,"['macbook-pro', 'firewire-410', 'cr-1020', '104ab', 'snowball', 'k-240-studio', 'dt-400w', 'ocean-2', 'audio-hijack-pro', 'google-docs', 're20', 'u-47', 'xb-14', 'source-connect', 'mc2kw']"
182,"['artist', 'designer', 'mac']",paige.saez,"['macbook-pro', 'powershot-g10', 'iphone-4', 'a30', 'google-docs', 'openframeworks']"
183,"['developer', 'mac', 'software']",mike.krieger,"['instagram-ios', 'imac', 'magic-trackpad', 'natural-ergonomic-keyboard-4000', 'macbook-air', 'mac-os-x', 'roubaix-3', 'iphone-4', 'iphone-4s', 'kindle', 'sr60i', 'hd-280-pro', 'zeppelin-air', 'ec2', 'sublime-text-2', 'the-hit-list', 'field-notes', 'tweetbot-ios', 'the-hit-list-ios', 'reeder-ios', 'rdio-ios', 'simplenote-ios', 'the-last-rocket-ios', 'cinema-display']"
184,"['developer', 'mac', 'musician', 'web']",mary.rose.cook,"['macbook-air', 'neoprene-sleeve-air', 'keyboard', 'magic-mouse', 'iphone-4', 'mail', 'notational-velocity', 'twitter-ios', 'instagram-ios', 'simplenote-ios', 'prompt-ios', 'wordpress-ios']"
185,"['developer', 'game', 'windows']",renaud.bedard,"['n51vn', 'mx310', 'customizer-104-105', 'rp-htx7', 'iphone-3g', 'aeron', 'windows-7', 'visual-studio', 'resharper', 'programmers-notepad', 'ants-performance-profiler', 'clr-profiler', 'dotnet-memory-profiler', 'google-docs', 'windows-media-player', 'windows-live-messenger', 'google-talk', 'zeta-resource-editor', 'macbook-pro', 'iphone-4s', 'sr80i', 'k702']"
186,"['artist', 'mac', 'photographer']",merkley,"['macbook-pro', 'mac-os-x', 'nv24hd', 'eos-5d-mark-ii', 'galaxy-s-ii', 'creative-suite', 'final-cut-pro', 'premiere', 'sketchup', 'shapeways']"
187,"['designer', 'interface', 'mac', 'scientist']",amber.case,"['mapattack', 'powershot-elph-300-hs', 'connect-x2', 'u3011', 'iphone-3gs', 'google-calendar', 'macbook-air', 'macbook-pro']"
188,"['developer', 'mac', 'software']",coda.hale,"['macbook-pro', 'mac-os-x', 'iphone-4', 'time-capsule', 'intellij-idea', 'sublime-text-2', 'chrome', 'papers']"
189,"['developer', 'linux', 'mac', 'software', 'web']",richard.jones,"['last.fm', 'irccloud', 'mx-518', 'realforce-105uk', 'aeron', 'macbook-pro', 'mac-os-x', 'starcraft-2']"
190,"['developer', 'mac', 'software', 'web']",brett.terpstra,"['notational-velocity', 'mac-pro', 'keyboard', 'magic-trackpad', 'bookarc-ipad', 'oxygen-49', 'snowball', 'macbook-air', 'espresso', 'colorschemer-studio', 'mindnode-pro', 'mindmanager-mac', 'fluid', 'nebulous-notes-ios', 'writing-kit-ios', 'paragraft-ios']"
191,"['linux', 'suit']",derek.sivers,"['thinkpad-t400s', 'nexus-one', 'ath-anc7b', 'tri-star', 'arch-linux', 'pinyin-tooklit']"
192,"['mac', 'photographer', 'sex']",steve.goedde,"['super-coolscan-9000-ed', 'perfection-v750-m-pro', 'stylus-photo-r2880', '645af', 'yashica-t4', 'd200', 'photoshop']"
193,"['designer', 'mac', 'type']",erik.spiekermann,"['m3', 'ro-80', '20th-anniversary-macintosh', 'macintosh-plus', 'ia-writer-mac', 'ia-writer-ios', 'fontlab-studio']"
194,"['developer', 'linux', 'mac', 'software', 'web']",brad.fitzpatrick,"['app-engine', 'mac-mini', 'ec2', 'thinkpad-x200', 'macbook-pro', 'macbook-air', 'thunderbolt-display']"
195,"['designer', 'developer', 'interface', 'mac', 'windows']",toby.boudreaux,"['macbook-pro', 'kinect', 'mac-pro', 'cinema-display', 'wifi-body-scale', 'blood-pressure-monitor', 'intellij-idea', 'gmail', 'google-docs', 'google-plus', 'omnigraffle-pro', 'feedler-ios', 'iclone-for-eve-online-ios', 'weightbot-ios', 'wiscale-ios', 'mac-os-x', 'windows-7', 'm9']"
196,"['designer', 'photographer']",alexandra.klasinski,"['nexus-one', 'lc-a-plus', 'bessa', 'yashica-samurai', 'fun-machine', 'google-docs', 'google-talk', 'google-voice', 'foursquare-android', 'twidroid-android', 'vignette-android', 'catch-notes-android', 'math-alarm-clock-android', 'macbook-air']"
197,"['hacker', 'hardware', 'linux', 'mac', 'windows']",jordan.mcrae,"['macbook-pro', 'galaxy-s-ii', 'rockrider-5.0-men', 'mplab-icd-3', 'fluke-179', 'picoscope-2204', 'xps-m1330', 'e250', 'fx-901', 'wave', 'd6-elastomer', 'tough-tg-810', 'atmos-50', 'mac-os-x', 'windows-7', 'google-calendar', 'chrome', 'google-earth', 'google-maps', 'mplab-ide', 'c-plusplus', 'dso-quad', 'mikron']"
198,"['linux', 'mac', 'professor']",matt.might,"['macbook-air', 'thunderbolt-display', 'soundsticks', 'mac-mini', 'magic-trackpad', 'keyboard', 'iphone-4', 'ipad-2', 'e2500', 'time-capsule', 'wireless-presenter', 'red-hat-enterprise-desktop', 'mac-os-x', 'spotify-ios', 'amazon-mobile-ios', 'skype-ios', 'apt', 'vmware-fusion', 'google-docs', 'google-calendar', 'subversion', 'bip', 'screen', 'google-analytics', 'c-plusplus']"
199,"['mac', 'software', 'web']",liza.daly,"['ibis-reader', 'macbook-air', 'iphone-4s', 'ipad-2', 'nexus-one', 'galaxy-tab', 'xo', 'inspiron-mini-9', 'kindle', 'kindle-fire', 'prs-505', 'nook-color', 'noiseless-portable', 'quickbooks-online', 'google-talk']"
200,"['developer', 'mac', 'musician', 'web']",adrian.holovaty,"['macbook-pro', 'mx-revolution', 'n600', 'readynas-ultra', 'ipod-classic', 'quietcomfort-15', 'pcm-d50', 'chrome', 'google-reader', 'max.2', 'buster-ios', 'words-with-friends-ios', 'chess-with-friends-ios', 'hanging-with-friends-ios', 'facebook-ios', 'everyday-ios', 'remote-ios']"
201,"['designer', 'mac', 'writer']",jack.cheng,"['oh-chair', 'peekaboo-clear-console', 'folio-cherry', 'move', 'generation', 'macbook-pro', 'nylon-compact-backpack', 'px2370', 'd5100', 'lumix-dmc-lx2', 'iphone-3gs', 'scanner-pro-ios', 'rails', 'github-for-mac', 'ia-writer-mac', 'kindle-ios', 'instapaper-ios', 'recco-ios', 'instagram-ios']"
202,"['designer', 'mac', 'suit', 'writer']",yanier.gonzalez,"['g70', 'vaio-eb46fx-wi', 'macbook-pro', 'copperhead', 'ln40a550', 'z-5500', 'galaxy-s-ii', 'iphone-3g', 'ipod-nano', 'google-docs', 'photo-paint', 'screenshot-plus', 'mac-os-x', 'macbook-air', 'windows-7']"
203,"['mac', 'software', 'web']",dhanji.prasanna,"['ec2', 'macbook-pro', 'starcraft-2', 'mamba', 'advantage-usb', 'keyboard', 'ipad-2', 'iphone-4', 'nexus-one', 'intellij-idea', 'sublime-text-2', 'twitter-mac', 'terminal', 'screen', 'the-economist-ios', 'wired-ios', 'twitter-ios', 'flixter-ios', 'penultimate-ios', 'adobe-ideas-ios', 'tripview-ios']"
204,"['developer', 'linux', 'software']",phil.hagelberg,"['thinkpad-x200', 'znc', 'emacs', 'swank-clojure', 'magit', 'org-mode', 'gnus', 'eshell', 'elim', 'erc', 'epresent', 'scpaste', 'relax.el']"
205,"['developer', 'mac', 'web']",jason.kottke,"['keyboard', 'cinema-display', 'macbook-pro', 'my-passport-mac', 'time-machine', 'magic-mouse', 'se115m-plus', '111-navy', 'iphone-4s', 'ipad', 'mail', 'sequel-pro']"
206,"['mac', 'scientist', 'web']",hugo.liu,"['macbook-pro', 'cinema-display', 'macbook-air', 'er4-micropro', 'pigma-micron', 'google-calendar', 'google-docs', 'illustrator', 'foursquare-ios', 'camera-plus-ios', 'buddha-machine-ios', 'exit-strategy-nyc-ios', 'greplin-ios']"
207,"['developer', 'linux', 'mac', 'web']",harper.reed,"['macbook-air', 'mac-mini', 'syncmaster-2343bwx-plus', 'buran', 'eod-utility', 'urban-cowboy', 'hampshire-air', 'powercurl', 'tma-1', 'sr60i', 'se115m', 'iphone-4s', 'nexus-s', 'chrome', 'google-apps', 'gmail', 'google-docs', 'simplenote-ios', 'cloud-player', 'google-music', 'the-hype-machine', 'google-talk', 'os-2', 'slackware']"
208,"['designer', 'game', 'mac', 'writer']",jordan.mechner,"['macbook-air', 'cinema-display', 'magic-mouse', 'iphone-4s', 'pigma-micron', 'airport-extreme', 'scansnap-s1500m', 'movie-magic-screenwriter', 'final-draft', 'mail', 'address-book', 'mobile-me', 'google-calendar', 'google-apps', 'echofon-ios']"
209,"['artist', 'developer', 'game', 'mac', 'teacher', 'windows', 'writer']",pippin.barr,"['macbook-pro', 'mac-os-x', 'windows-7', 'ipod-touch', 'k800i', 'bamboo', 'flash-builder', 'manga-studio-debut', 'wolfram-tones', 'instapaper-ios', 'stanza-ios', 'ibooks-ios', 'kindle-ios']"
210,"['artist', 'developer', 'game', 'mac']",fu,"['robot-99-ios', 'performance-mouse-mx', 'aeron', 'nms-350', 'roomba-550', 'mint.2', 'scooba-230', 'sensor-soap-pump', 'iphone-3gs', 'ipod-touch', 'ipad-2', 'apple-tv', 'vaio-j11bfx', 'ps3', 'xbox-360', 'flash', 'corona', 'fudada-hd-ios', 'sublime-text-2', 'emperor-200']"
211,"['designer', 'game', 'scientist', 'windows']",jessica.hammer,"['optiplex-745', 'w17e', 'maxim', 'nb205', 'notebook-optical-mouse-plus', 'thinkpad-t400', 'ipad', 'ipm-tab1', 'capacitive-stylus', 'iphone-3gs', 'ladybug-portable-speaker', 'jbuds-j2', 'px-100', 'wireless-presenter-r400', 'google-calendar', 'remember-the-milk', 'google-reader', 'kindle-ios', 'mendeley-ios', 'openoffice', 'spss-statistics', 'atlas.ti', 'pbworks', 'flash-builder', 'twitter-ios', 'instapaper-ios', 'penultimate-ios', 'ibooks-ios', 'virtuoso-piano-free-2-hd-ios', 'ibeat-ios', 'cut-the-rope-ios', 'starcraft-2']"
212,"['developer', 'linux', 'mac', 'web', 'writer']",adewale.oshineye,"['google-plus', 'macbook-air', 'mac-pro', 'cinema-display', '2510i', 'iphone-4', 'd700', 'af-s-nikkor-24-70mm-f2.8g-ed', 'finepix-x100', 'envelope-for-ipad', 'gel-ink-0.38mm', 'quietcomfort-15', 'smartgo-ios', 'kgs-go-client', 'kgs-go-server', 'aperture', 'lightroom', 'google-places', 'aquamacs', 'emacs', 'intellij-idea', 'time-machine', 'rememberance-agent', 'google-docs', 'gmail']"
213,"['editor', 'mac', 'writer']",joshua.topolsky,"['macbook-air', 'lumix-dmc-gf1', 'lumix-dmc-lx5', 'vl600', 'galaxy-nexus', 'ipad-2', 'm555b', 'time-capsule', 'bettertouchtool', 'spanning-sync', 'path-finder', 'twitter-mac', 'google-docs', 'google-calendar', 'evernote-mac']"
214,"['developer', 'mac', 'software', 'web']",brent.simmons,"['magic-trackpad', 'extended-keyboard-ii', 'happylight-deluxe', 'squier', 'razor-point', 'twitter-mac', 'liveview-ios', 'internet-explorer', 'windows-7', 'vmware-fusion']"
215,"['artist', 'film', 'mac', 'musician']",scntfc,"['macbook-pro', 'ipad-2', 'fw-1884', 'pcr-m80', 'jp-8080', 'ion.2', 'juno-60', 'dm-300', 'system-9098', 'classic-50', 'seq-315', 'a-2340r', 'lpb-2ube', 'valve-junior', 'atr-1a', '12ay7', 'micro-synthesizer', 'v8', '10s', 'rokit-5', 'rebel-t2i', 'magic-lantern', '85m-p-85mm-f1.4', 'live', 'aether', 'vintage-warmer', 'logic-pro', 'after-effects', 'animoog-ios', 'polychord-ios', 'soundprism-ios', 'dm1-ios', 'sketchbook-pro-ios', 'mp-e-65mm-f2.8-1-5x', 'scarlet', 'phantom-flex']"
216,"['developer', 'mac', 'software', 'windows']",robert.bohnke,"['soundcloud-mac', 'soundcloud-ios', 'macbook-air', 'sixty-four', 'one-twenty-eight', 'arc', 'dj-1-pro', 'iphone-4s', 'ipad-2', 'mac-os-x', 'windows-7', 'iterm2', 'oh-my-zsh', 'xcode', 'sublime-text-2', 'instapaper-ios', 'readmill-ios', 'spotify-ios']"
217,"['data', 'linux', 'mac', 'scientist']",thomson.nguyen,"['macbook-pro', '2443bw', 'bvu160', 'magic-mouse', 'keyboard', 'advantage-pro-usb', 'hd2', 'droid-bionic', 'clear-harmony', 'ipad-2', 'mail', 'iterm2']"
218,"['developer', 'mac', 'software', 'writer']",charlie.stross,"['movable-type', 'macbook-air', 'cinema-display', 'time-capsule', 'ipad-2', 'iphone-4', 'office', 'make', 'word', 'thunderbolt-display']"
219,"['developer', 'linux', 'mac', 'software']",daniel.robbins,"['gentoo', 'funtoo', 'macbook-pro', 'mac-os-x', 'poweredge-r710', 'workfit-s', 'windows-7', 'ext-js']"
220,"['developer', 'mac', 'web']",divya.manian,"['html5-boilerplate', 'macbook-air', '3007wfp', 'advantage-usb', 'magic-trackpad', 'aeron', 'rx-4109', 'ss-b1000', 'nexus-s', '1208', 'ipod-shuffle', 'ipad', 'google-reader', 'office', 'dragonfly', 'internet-explorer', 'mopad', 'reeder-ios', 'instapaper-ios', 'opera-mobile-android', 'opera-mini-android', 'spotify-android']"
221,"['developer', 'game', 'mac', 'windows']",terry.cavanagh,"['macbook-air', 'mac-os-x', 'windows-7', 'unity', 'paint-shop-pro', 'sketchup', 'fl-studio', 'dark-room']"
222,"['developer', 'linux', 'mac', 'web']",bret.taylor,"['google-maps', 'ubuntu', 'macbook-air', 'vmware-fusion', 'thunderbolt-display', 'keyboard', 'magic-mouse', 'hd-280-pro', 'chrome', 'mail', 'photoshop', 'safari-ios', 'facebook-ios', 'facebook-messenger-ios', 'mail-ios', 'calendar-ios', 'pandora-ios', 'twitter-ios', 'kindle-ios', 'yelp-ios']"
223,"['designer', 'developer', 'interface', 'linux', 'mac', 'software']",andy.hertzfeld,"['google-plus', 'mac-pro', 'cinema-display', 'imac', 'mac-mini', 'macbook-air', 'ipad-2', 'iphone-4s', 'galaxy-nexus', 'fedora', 'macbook-pro']"
224,"['animator', 'windows']",lee.hardcastle,"['lumix-dmc-fz50', 'newplast', 'windows-vista', 'premiere', 'after-effects', 'quicktime-pro', 'eos-7d']"
225,"['designer', 'mac', 'photographer', 'technologist']",julian.bleecker,"['macbook-pro', '382213', 'jtagice3', '33xr', 'd3', 'm9', '1510-carry-on-case', 'af-s-nikkor-24mm-f1.4g-ed', 'af-nikkor-16mm-f2.8d', 'af-nikkor-85mm-f1.8d', 'af-nikkor-14mm-f2.8d-ed', 'summicron-m-35mm-f2-asph', 'sb-900-af', 'ranger-quadra', 'ranger-a', 'flextt5-nikon', 'minitt1-nikon', 'g-raid-mini', 'pixma-pro9500-mark-ii', 'robodrill', 'atl-618evs', 'v-20', 'benchtop-blast', '450', 'cmf-1200', '906', 'gps-3303', '2738', 'mc-385v1v', 'apc20', 'live', 'max', 'logic-pro', 'arena', 'imageingester', 'photo-mechanic', 'lightroom', 'goodsync-mac', 'viveza', 'after-effects', 'final-cut-pro', 'mocha', 'terragen', 'eagle', 'avr-studio', 'xcode']"
226,"['interface', 'mac', 'researcher']",karina.van.schaardenburg,"['macbook-pro', 'u2410', 'h4n', 'google-docs']"
227,"['designer', 'editor', 'mac', 'writer']",mandy.brown,"['macbook-pro', 'iphone-4', 'ipad', 'keyboard', 'magic-mouse', 'waxed-canvas-messenger', 'mac-os-x', 'ia-writer-mac', 'writeboard', 'nvalt', 'tweetbot-ios', 'instapaper-ios', 'goodreader-ios']"
228,"['entrepreneur', 'linux', 'politics']",rick.falkvinge,"['syncmaster-p2450h', 'eee-pad-transformer-tf101', 'starcraft-2', 'eve-online', 'visual-studio']"
229,"['data', 'linux', 'mac', 'scientist']",max.shron,"['macbook-air', 'iphone-4', 'verticalmouse']"
230,"['developer', 'mac', 'software', 'web']",selena.deckelmann,"['macbook-air', 'hd-280-pro', 'audio-470-usb', 'intuos', 'scansnap-s1300', 'droid-3', 'nexus-one', 'accolade-vx5600', 'ipod-nano', 'mdr-nc11', 'powershot-sd1200-is', 'd40', 'big-sky-slt', 'cpanminus', 'puppet-cloud-provisioner', 'pomodoro', 'google-docs']"
231,"['game', 'windows', 'writer']",chet.faliszek,"['portal-2', 'counter-strike-global-offensive', 'left-4-dead-2', 'windows-7', 'm11x', 'ipad-2', 'iphone-4s', 'visual-foxpro', 'editplus']"
232,"['film', 'mac']",keith.ehrlich,"['wave-desk', 'lytegem', 'macbook-air', 'iphone-4', 'rp-htx7', 'yashica-t4', 'g-raid', 'rugged', 'eos-5d-mark-ii', 'eos-7d', 'alexa', 'final-cut-pro', 'media-composer', 'pro-tools', 'after-effects']"
233,"['film', 'mac', 'writer']",john.pavlus,"['macbook-pro', 'rugged', 'mighty-mouse', 'skype', 'droid-incredible', 'mac-os-x', 'final-cut-studio', 'sketchup', 'mpeg-streamclip', 'call-recorder', 'mac-pro', 'macbook-air']"
234,"['designer', 'mac']",max.temkin,"['iphone-4s', 'magic-mouse', 'keyboard', 'thunderbolt-display', 'voyager-q', 'intuos', 'precise-v5', 'neon', '960-grid-system', 'final-cut-pro', 'f.lux', 'calvetica-ios', 'simplenote-ios', 'downcast-ios', 'instapaper-ios', 'goodreader-ios', 'prompt-ios', 'notational-velocity', 'listary-ios', 'pivotal-tracker', 'google-plus', 'electric-sheep', 'galcon-ios', 'dungeon-raid-ios', 'geodefense-swarm-ios', 'eliss-ios', 'bit-pilot-ios', 'osmos-ios', 'sword-and-sworcery-ios', 'the-incident-ios', 'battleheart-ios', 'colorbind-ios', 'kingdom-rush-ios', 'hero-academy-ios', 'super-crate-box-ios', 'canabalt-ios', 'carcassonne-ios', 'puzzlejuice-ios', 'mac-pro']"
235,"['designer', 'interface', 'mac']",nick.disabato,"['macbook-air', 'iphone-4', 'ipad', 'perfection-v500', 'airport-extreme', 'airport-express', 'mx-revolution', 'keyboard', 'vision-fine-0.7', 'thunder-horn', 'echofon-ios', 'birdbrain-ios', 'soulver-ios', 'instagram-ios', 'ia-writer-ios', 'verbs-ios', 'google-docs', 'reeder-ios', 'simplenote-ios', 'listary-ios', 'buster-ios', 'ia-writer-mac', 'mail', 'cloud2go-ios']"
236,"['mac', 'researcher', 'scientist']",michelle.borkin,"['actius-rd3d', 'xbox-360', 'macbook-pro', 'ipad-2', 'keyboard', 'magic-mouse', 'elevator', '3d-slicer', 'worldwide-telescope', 'google-docs']"
237,"['hacker', 'linux', 'social', 'software']",benjamin.mako.hill,"['thinkpad-x201', 'u2711', 'mediamate', 'model-m', 'happy-hacking-keyboard', 'sensation', 'kindle', 'hurd', 'window-maker', 'xmonad', 'gnome-terminal', 'scim', 'uim', 'mule', 'ispell', 'aspell', 'myspell', 'hunspell', 'network-manager', 'gnome-settings-daemon', 'update-notifier', 'gnome-power-manager', 'gtk-plus', 'pango', 'c-plusplus', 'identi.ca', 'gnupg', 'somafm', 'office']"
238,"['designer', 'mac', 'writer']",antony.johnston,"['dead-space', 'macintosh-plus', 'rx1000', 'elements-desktop', 'macbook-air', 'wireless-presenter-laser', 'liberty', 'ipad-2', 'iphone-4', 'ipod-classic', 'ipod-touch', 'ipod-shuffle', 'apple-tv', 'xbox-360', 'epiphone-les-paul-special-ii', 'final-draft', 'word', 'aeon-timeline', 'address-book', 'reeder-ios', 'wikipanion-ios', 'cloudreaders-ios', 'goodreader-ios', 'due-ios', 'simplenote-ios', 'tripit-ios', 'writing-kit-ios', 'ia-writer-ios', 'imo-ios', 'skype-ios']"
239,"['comedian', 'mac', 'writer']",avery.edison,"['macbook-pro', 'x223w', 'keyboard', 'magic-trackpad', 'ipad-2', 'iphone-3gs', 'ipod-touch', 'airport-express', 'my-book-for-mac', 'dslr-a200', 'flip-ultra-hd', 'yeti', 'chrome', 'google-reader', 'google-docs', 'final-cut-pro', 'photoshop', 'rosetta-stone', 'birdhouse-ios', 'tweetbot-ios', 'yelp-ios', 'ego-ios', 'mymoodtracker-ios', 'reeder-ios', 'kindle-ios', 'ibooks-ios', 'instapaper-ios', 'comic-zeal-ios', 'comics-ios', 'nocs-ios', 'the-incident-ios', 'words-with-friends-ios', 'peggle-ios', 'thunderbolt-display', 'eos-5d-mark-ii']"
240,"['mac', 'writer']",shawn.blanc,"['cinema-display', 'macbook-air', 'keyboard', 'magic-trackpad', 'yeti', 'ipad-2', 'iphone-4s', 'tweetbot-ios', 'instagram-ios', 'mail-ios', 'omnifocus-ios', 'simplenote-ios', 'instapaper-ios', 'safari-ios', 'marsedit', 'byword', 'launchbar', 'keyboard-maestro', 'dropbox', 'transmit', 'coda', 'safari', 'yojimbo']"
241,"['artist', 'mac', 'windows']",ryan.north,"['lx-desk-mount-lcd-arm', 'thinkpad-t520', 'iphone-3gs', 'droid-3', 'performance-mouse-mx', 'wifi-body-scale']"
242,"['actor', 'game', 'windows']",logan.cunningham,"['b2230', 'promedia-2.1', 'xbox-360-controller-for-windows', 'mx-300', 'lumix-dmc-lx5', 'iphone-3g', 'ksm32', 'digi-002', 'mac-pro', 'logic-pro', 'h16-el', 'xbox-360']"
243,"['developer', 'linux', 'software', 'web', 'windows']",lou.montulli,"['3007wfp', 'blacx', 'google-voice', 'thinkpad-x220', 'kindle', 'kindle-fire', 'evo-3d', 'powershot-s100', 'windows-7', 'android', 'gcc', 'visual-c-plusplus', 'confluence', 'bamboo.2', 'google-test', 'klocwork-insight', 'coverity-static-analysis']"
244,"['mac', 'writer']",robin.sloan,"['macbook-air', 'iphone-4', 'pullman', 'simplenote-ios', 'notational-velocity', 'google-reader', 'prizmo-ios', 'gas-mask']"
245,"['journalist', 'mac', 'teacher', 'writer']",daniel.sinker,"['macbook-air', 'nexus-s', 'google-voice', 'nexus-one', 'se310', 'se315', '5139', 'chrome', 'google-docs', 'google-calendar', 'etherpad', 'twitter-mac', 'the-hit-list']"
246,"['journalist', 'mac']",jim.giles,"['macbook-air', 'google-docs', 'flipboard-ios']"
247,"['illustrator', 'mac']",andreas.schuster,"['macbook-pro', 'intuos', 'google-docs']"
248,"['developer', 'game', 'modder', 'windows']",boris.vorontsov,"['caviar-black', 'm9-vi1000', 'wop-35', 'xbox-360-controller-for-windows', 'shp8500-00', 'windows-xp', 'visual-c-plusplus', 'photoshop', 'painter', '3ds-max', '3d-coat', 'sonar', 'sound-forge', 'premiere', 'beyond-compare', 'media-player-classic', 'windows-media-player', 'virtual-pc', 'xbox-360']"
249,"['mac', 'musician', 'producer']",chris.zane,"['mac-pro', 'cinema-display', 'caviar-black', '7070a', 'ns-10', 'hd-600', 'evoke-3', 'maschine', 'ipad-2', 'iphone-4s', 'clariphonic', 'pro-tools', 'live', 'teaboy-audio']"
250,"['developer', 'linux', 'software', 'writer']",eric.s.raymond,"['model-m', 'trackman-marble', 'syncmaster-1100df', 'thinkpad-x60', 'g2', 'ubuntu', 'unity.2', 'gnome', 'arch-linux', 'pa301w']"
251,"['actor', 'mac', 'writer']",paula.pell,"['macbook-air', 'iphone-4s', 'le-pen', 'final-draft', 'twitter-ios', 'words-with-friends-ios']"
252,"['engineer', 'mac', 'space']",kellan.o.connor,"['z400', 'lp3065', 'spacemouse-pro', 'macbook-air', 'iphone-4s', 'kindle', 'hd-hero2', 'nx', 'netbeans', 'xcode', 'path-ios', 'mint-ios', 'evernote-ios', 'spotify-ios', 'instagram-ios', 'waze-ios', 'flipboard-ios']"
253,"['linux', 'mac', 'researcher', 'scientist']",andrei.alexandrescu,"['macbook-pro', 'mac-os-x', 'u3011', 'keyboard', 'm510', 'aircard-598', 'inspiron-e1705', 'ipad-2', 'presario-sr1726nx', 'iphone-4s', 'hd-280-pro', 'pap2t', 'xps-17', 'windows-7', 'google-docs', 'gcc', 'hive', 'visual-studio']"
254,"['mac', 'photographer', 'software', 'web', 'writer']",james.duncan.davidson,"['macbook-air', 'little-big-disk', 'mac-pro', 'cinema-display', 'stylus-pro-3880', 'designjet-z3200', 'scansnap-s1500m', 'perfection-v500', 'intuos', 'ipad-3', 'iphone-4', 'd3s', 'finepix-x100', 'final-cut-pro', 'photo-mechanic', 'ia-writer-mac', 'instagram-ios', 'tweetbot-ios', 'instapaper-ios', 'flipboard-ios', 'ibooks-ios', 'ted-ios', 'omnifocus-ios', 'ia-writer-ios', 'byword-ios', 'macbook-pro']"
255,"['designer', 'developer', 'linux', 'mac']",ethan.schoonover,"['macbook-pro', 'cinema-display', 'happy-hacking-keyboard', 'verticalmouse', 'intuos', 'arch-linux', 'thinkpad-x220', 'stylus-pro-7800', 'xperia-ray', 'hd25sp', 'mw600', 'x-pro1', 'acrobat', 'ulysses', 'iterm2', 'bash', 'mail', 'google-reader', 'google-docs', 'devonthink', 'tags', 'default-folder-x', 'tyler-wm', 'path-finder', 'dock-gone']"
256,"['developer', 'linux', 'mac', 'professor', 'software']",john.macfarlane,"['thinkpad-t60p', 'lx550', 'thinkpad-usb-keyboard', 'macbook-pro', 'utby', 'keyboard', 'magic-trackpad', 'linode', 'debian', 'mac-os-x', 'make', 'google-calendar', 'macbook-air']"
257,"['developer', 'editor', 'linux', 'software']",jonathan.corbet,"['dinovo-edge', 'compaq-2510p', 'xo', 'nexus-one', 'cyanogen', 'n9', 'n600', 'h340', 'fedora']"
258,"['editor', 'mac', 'web']",ian.hickson,"['advantage-usb', 'macbook-pro', 'screen']"
259,"['fashion', 'puppet']",kari.love,['7700-half-mask']
260,"['designer', 'interface', 'mac', 'windows']",mike.kruzeniski,"['lumia-900', 'iphone-4', 'ipad-2', 'd7000', 'nex-5n', 'minohd', 'elements-desktop', 'ia-writer-mac', 'internet-explorer', 'kindle-ios', 'paper-ios']"
261,"['developer', 'mac', 'researcher', 'windows']",bhautik.joshi,"['spyder4-express', 'dns-323', 'ec2', 'pavilion-elite-m9000', 'windows-7', 'mandriva', 'eos-7d', 'ef-s-10-22mm-f3.5-4.5-usm', 'ef-50mm-f1.8-ii', 'iphone-3g', 'mac-os-x', 'google-docs', 'lightroom', 'c-plusplus', 'mill-colour-ios', 'instagram-ios', 'dreamcolor-lp2480zx', 'm9', 'summicron-m-50mm-f2']"
262,"['crafter', 'illustrator', 'mac', 'writer']",claire.robertson,"['macbook-pro', 'intuos', 'canoscan-lide-700f', 'iphone-3g', 'jambox', 'eos-350d', '3160qdc', 'pitt-artist-pen', 'premier-soft-core', 'runkeeper-ios', 'cintiq', 'instagram-ios', 'macbook-air', 'creative-suite']"
263,"['audio', 'developer', 'mac', 'suit', 'web']",rusty.hodge,"['smartstor-ds4600', 'music-streamer-ii', 'mbox', 'big-knob', 'rokit-5', 'macbook-pro', 'windows-xp', 'optimod-pc-1100', 'optimod-pc-1101', 'd300', 'af-s-dx-nikkor-18-200mm-f3.5-5.6g-ed-vr-ii', 'af-s-dx-nikkor-12-24mm-f4g-if-ed', 'af-dx-nikkor-10.5mm-f2.8g-ed', 'af-vr-nikkor-80-400mm-f4.5-5.6d-ed', 'sigma-30mm-f1.4', 'powershot-s100', 'e-p1', 'hdr-xrs500v', 'pcm-d50', 'pmd620', 'ecm77b', '635a', 'system-6', 'iphone-4s', 'se115m-plus', 'sr-225i', 'e3c', 'color-laserjet-cp2025', 'canoscan-8800f', 'ipod-classic', 'sounddock', 'excel', 'terminal', 'mail', 'twitter-mac', 'peak', 'pro-tools', 'ozone', 'traktor-pro', 'otsav-radio', 'remote-desktop-client', 'mac-pro', 'fireface-ucx', 'eos-5d-mark-iii', 'ef-16-35mm-f2.8l-ii-usm', 'ef-70-200mm-f2.8l-is-ii-usm', 'ef-24-70mm-f2.8l-usm', 'ef-24mm-f1.4l-ii-usm', 'ef-85mm-f1.2l-ii-usm', 'ef-400mm-f2.8l-is-ii-usm', 'ef-800mm-f5.6l-is-usm', 'hxrmc50u']"
264,"['chef', 'food', 'mac']",chris.ilias,"['vita-prep', 'ultravac-225', 'sous-vide-professional', 'onion-8-inch', 'apex-model-edge-pro-system', 'chosera', 'f-dick-multicut', '40001-zester', 'merkur-34c', 'superior-platinum-double-edge', 'number-25-21mm-silver-tip-badger', 'gray-kunz-spoon', 'macbook-air', 'imac', 'iphone-4s', 'mac-os-x', 'simplenote-ios', 'notational-velocity', 'pcalc-ios', 'due-ios', 'listary-ios', 'f.lux', 'convertbot-ios', 'superduper', 'ks-wa-gyuto', 'gesshin-ginga-wa-gyuto', '62-mini-infrared', 'magic-trackpad', 'go-plus-wifi']"
265,"['developer', 'linux', 'reporter', 'web']",ben.welsh,"['thinkpad-x220', 'ubuntu', 'unity.2', 'gnome-do', 'byobu', 'mytouch-3g-slide']"
266,"['game', 'mac', 'writer']",flourish.klink,"['macbook-pro', 'performance-mouse-mx', 'freeagent-goflex', 'aspire-one-zg5', 'iphone-3g', 'discovery-975', 'ipod-shuffle', 'kindle', 'zub-zot-20', 'xbox-360', 'final-draft', 'google-docs', 'photo-booth', 'instagram-ios', 'pocket-mbta-ios', 'thunderbolt-display', 'macbook-air', 'model-s-ultimate', 'bluetooth-sliding-keyboard-case', 'the-tread', 'terra']"
267,"['developer', 'linux', 'mac', 'suit', 'web']",steve.coast,"['thinkpad-x201', 'macbook-pro', 'series-7-slate', 'focus', 'iphone-4', 'ipad-3', 'windows-7', 'mac-os-x', 'windows-8', 'windows-phone', 'ios', 'macbook-air']"
268,"['beer', 'mac']",nick.nunns,"['macbook-pro', 'iphone-4', 'ipad-2', 'powershot-s90', 'd60', 'sigma-30mm-f1.4', 'scansnap-s1300', 'ia-writer-mac', 'beertools-pro', 'beeralchemy', 'gimme-bar', 'tweetbot-ios', 'calcbot-ios', 'convertbot-ios', 'instagram-ios', 'flipboard-ios', 'ia-writer-ios', 'touchdraw-ios']"
269,"['artist', 'musician', 'windows']",laura.ballance,"['sensation', 'precision-bass', 'b25b', '370', 'bass-terror-1000', 'tu-2', 'the-hotcake', 'blackwing', 'blackwing-602', 'lumix-dmc-fx01', 'diana-f-plus']"
270,"['mac', 'musician', 'windows']",andrew.w.k,"['concert-grand-model-d', 'mp-60', 'sc-880', 'jv-880', 'v-synth-gt', 'mdr-xd100', '20-20', 'sm58', 'envoice', 'super-sonic-twin-combo', 'pro-tools-le']"
271,"['designer', 'mac', 'writer']",rob.giampietro,"['macbook-air', 'g-drive-mini', 'ipad-2', 'kindle', 'kindle-ios', 'iphone-4s', 'lumix-dmc-gf1', 'mie2i', 'quietcomfort-15', 'scansnap-s1500m', 'apple-tv', '150-series', 'google-apps', 'google-calendar', 'google-reader', 'ia-writer-mac', 'qlmarkdown', 'airport-express', 'fontexplorer-x', 'svpply-ios', 'tweetbot-ios', 'sparrow-ios', 'instacast-ios', 'ufo-on-tape-ios', 'google-maps']"
272,"['developer', 'mac', 'web']",kenneth.reitz,"['macbook-pro', 'cinema-display', 'happy-hacking-keyboard', 'naga', 'gallant', 'me8erglo', '800', 'rokit-5', 'duet-2', 'sr325is', 'p5.2', 'op-1', 'sixty-four', 'yeti', 'ipad-3', 'cosmonaut', 'iphone-4s', 'ken-onion-chive', 'coated-canvas-shoulder-bag', 'boa-squeeze', 'alpha-flap', 'eos-5d-mark-ii', 'ef-35mm-f1.4l-usm', 'ef-50mm-f1.2l-usm', 'ef-85mm-f1.2l-ii-usm', 'ef-135mm-f2l-usm', 'finepix-x100', 'intuos', 'drobo-fs', 'boxee-box', 'psp-go', 'super-meat-boy', 's3', 'sublime-text-2', 'mono-regular', 'terminal', 'ia-writer-mac', 'things', 'tripit', 'tweetbot-ios', 'twitter-ios', 'mindnode-pro', 'paper-ios', 'enqueue', 'lightroom', 'suite-8', 'audition', 'creative-cloud', 'gaug.es']"
273,"['game', 'journalist', 'mac', 'writer']",anna.pickard,"['glitch.2', 'macbook-pro', 'macbook-air', 'iphone-4', 'ipad-2', 'fuelband', 'visual-thesaurus', 'ibaby-feed-timer-ios', 'baby-log-ios', 'white-noise-ambience-ios']"
274,"['data', 'developer', 'mac']",john.myles.white,"['mail', 'twitter-mac', 'papers', 'kindle-ios', 'textmate', 'rails', 'sequel-pro', 'google-docs']"
275,"['developer', 'linux', 'mac', 'web', 'windows']",chad.whitacre,"['kango-930', 'optiplex-gx620', 'vmware-workstation', 'advantage-usb', 'expert-mouse', 'macbook-pro', 'laserjet-1320', 'iphone-3g', 'postgresql', 'google-analytics', 'movie-maker', 'joes-goals']"
276,"['designer', 'mac']",andrew.kim,"['macbook-pro', 'cinema-display', 'keyboard', 'magic-trackpad', 'syd-5', 'srh840', 'ipad-3', 'iphone-4s', 'finepix-x100', 'tweetbot-ios', 'instapaper-ios', 'paper-ios', 'evernote-ios', 'creative-suite', 'after-effects', 'macbook-air']"
277,"['developer', 'mac', 'suit', 'web']",kate.matsudaira,"['macbook-air', 'iphone-4s', 'office', 'google-docs', 'audible-ios', 'words-with-friends-ios', 'gilt-ios', 'hautelook-ios', 'myhabit-ios', 'mindmeister-ios', 'foursquare-ios', 'glympse-ios']"
278,"['developer', 'mac', 'web', 'windows']",david.cramer,"['macbook-pro', 'starcraft-2', 'iphone-4', 'nex-5n', 'twitter-mac', 'sublime-text-2', 'iterm2', 'istat-menus', 'apple-tv']"
279,"['editor', 'mac']",mark.richardson,"['macbook-pro', 'iphone-4s', 'hd-280-pro', 'icon-udac-2', 'porta-pro', '2m-red', 'airport-express', 'google-docs', 'google-calendar', 'sl-1200']"
280,"['designer', 'mac', 'web', 'windows']",allie.ghaman,"['mac-pro', 'optiplex-755', 'lp2475w', 'internet-explorer', 'bamboo', 'methode', 'creative-suite', 'imac']"
281,"['animator', 'mac']",john.kricfalusi,"['word', 'final-cut-pro', 'toon-boom-studio', 'mac-os-x']"
282,"['designer', 'mac', 'suit']",jason.shellen,"['google-reader', 'macbook-pro', 'macbook-air', 'thunderbolt-display', 'bamboo', 'keyboard', 'hd555', 'ip4', 'ipad-3', 'solar-keyboard-folio', 'nexus-7', 'iphone-4s', 'fuelband', 'up', 'nest', 'skivvy-s', 'creative-suite', 'keynote', 'google-apps', 'google-drive', 'twitter-mac', 'spotify-mac', 'foursquare-ios', 'twitter-ios', 'instagram-ios', 'tumblr-ios', 'runkeeper-ios', 'spotify-ios', 'pandora-ios', 'checkmark-ios', 'fuelband-ios', 'kindle-ios', 'goodreader-ios', 'penultimate-ios', 'diet-coda-ios', 'apple-tv', 'mac-mini']"
283,"['game', 'mac', 'philosopher']",bennett.foddy,"['macbook-pro', 'hf3', 'c03u', 'time-capsule', 'iphone-4s', 'd90', 'serverlove', 'google-docs', 'illustrator', 'vmware-fusion', 'parallels-desktop', 'elements-ios', 'flash-builder', 'mail', 'istat-pro', 'cintiq']"
284,"['designer', 'mac', 'usability']",christopher.clark,"['mac-pro', 'quietcomfort-15', 'fridgepad', 'iphone-4', 'mac-mini', 'video-capture', 'time-capsule', 'my-book-for-mac', 'think', 'aria', 'pico', 'magic-trackpad']"
285,"['designer', 'mac']",rhys.newman,"['hi-tec-c', 'play-360', 'mdr-7506', 'lumia-900', 'macbook-pro', 'perfection-2400-photo', 'coolpix-aw100', 'lync']"
286,"['mac', 'musician']",jim.guthrie,"['mac-pro', 'macbook-pro', 'cinema-display', 'hs80m', 'fireface-800', 'mp-2nv', 'tlm-103', 'km-184', 'vintage-47', 'rode-nt1-a', 'laboratory', 'td-4kx2', 'ipad-3', 'mtv-music-generator', 'sk-1', 'logic-pro', 'komplete', 'addictive-drums', 'superior-drummer', 'symphonic-instrument']"
287,"['developer', 'hacker', 'mac', 'software']",sadayuki.furuhashi,"['macbook-air', 'thunderbolt-display', 'intuos', 'realforce-103u', 'happy-hacking-keyboard', 'ec2', 'ha-fxc51', 'travis', 'c-plusplus', 'echofon-ios']"
288,"['artist', 'windows', 'writer']",chris.onstad,"['windows-vista', 'illustrator', 'photoshop-elements']"
289,"['blogger', 'comedian', 'mac', 'podcaster', 'web']",aaron.bleyaert,"['macbook-pro', 'rebel-t2i', 'rebel-t3i', 'ag-hpx170', 'urx-p2', 't2', 'final-cut-pro', 'final-draft']"
290,"['developer', 'linux', 'software']",daniel.stenberg,"['desire-hd', 'f3ja', 'eee-pc-s101', 'gnome']"
291,"['mac', 'musician']",telekinesis,"['ld-3-mkii', 'm-160', 'sm7b', 'sm57', 'beta-52a', 'mp-2nv', 'prompa-ii', 'digimax-d8', 'rnc1773', '424-mkii', 'bm5a-mkii', 'giant-beat', 'valve-junior', 'casino', 'melody-maker', 'ice-9', 'macbook-pro', 'logic-pro', 'pro-tools', 'apollo', 'time-cube', '140', 'pro-eq', 'ims-20-ios', 'm3000-ios', 'dm1-ios']"
292,"['artist', 'designer', 'mac']",jason.babler,"['macbook-pro', '324i', 'm510', 'cintiq', 'rebel-t2i', 'clay-shapers', 'super-sculpey', 'magic-sculp', 'hp-c-plus', 'replicator', 'iphone-4s', 'mail']"
293,"['developer', 'mac', 'web']",dana.contreras,"['macbook-pro', 'u2410', 'nextstation', 'mdr-ex10lp', 'iphone-4s', 'nook', 'ipad-2', 'thirty-3g', 'skycatcher', 'path-ios', 'seamax-m-22']"
294,"['animator', 'mac']",bahi.jd,"['intuos', 'macbook-pro', 'eos-500d', 'eos-7d', 'stylus-sx218', 'ath-m50', 'photoshop', 'flash', 'after-effects', 'final-cut-pro', 'mac-os-x', 'flipnote-studio', 'final-draft', 'google-docs']"
295,"['artist', 'mac']",lisa.congdon,"['imac', 'time-capsule', 'macbook-air', 'perfection-v700', 'stylus-pro-3800', 'intuos', 'd5100', 'twist-erase', 'pigma-micron', 'photoshop', 'google-docs', 'bamboo']"
296,"['photographer', 'windows']",missy.prince,"['xa', '645-pro-tl', '7ii', 'canoscan-8800f', 'photostudio']"
297,"['windows', 'writer']",maria.bustillos,"['windows-xp', 'natural-ergonomic-keyboard-4000', 'g62-225dx', 'windows-7', 'windows-98', 'echo', 'galaxy-s-ii', 'icd-sx750', 'replay-telecorder', 'word', 'dr-web-windows']"
298,"['developer', 'mac', 'windows']",justin.frankel,"['natural-keyboard', 'macbook-air', 'thinkpad-x60', 'mac-mini', 'readynas-pro', 'iphone-4s', 'windows-7', 'mac-os-x', 'putty', 'terminal', 'visual-c-plusplus', 'xcode', 'x-chat-aqua', 'colloquy-ios', 'quickbooks', 'windows-xp', 'virtualbox', 'call-of-duty-world-at-war']"
299,"['developer', 'linux', 'mac', 'student', 'windows']",neha.narula,"['native-client', 'macbook-air', 'ec2', 'advantage-usb', 'ipad-2', 'nexus-s', 'aspire-revo', 'windows-7', 'cm5', 'integrated-225', 'dac25.2', 'harmony-650', 'c-plusplus', 'iterm2', 'kindle-ios', 'zite-ios', 'twitter-ios', 'mail-ios', 'chrome-ios', 'safari-ios', 'xbox-live']"
300,"['designer', 'developer', 'game', 'windows']",daniel.cook,"['realm-of-the-mad-god', 'steambirds-survival', 'triple-town', 'thinkpad-t530', 'google-docs', 'word', 'cintiq']"
301,"['designer', 'mac']",aaron.james.draplin,"['macbook-pro', 'iphone-4', 'lumix-dmc-gf1', 'lumix-g-20mm-f1.7-asph', 'martin-d-35', 'telecaster', 'champ', 'sg-standard', 'precision-bass', 'classic-30-112', 'mail']"
302,"['mac', 'musician']",jessica.curry,"['saffire-6-usb', '8020a', 'dt-770-pro', 'rd-700nx', 'rd-500', 'logic-pro', 'pro-tools', 'sibelius', 'hpl-engine', 'albion', 'kontakt']"
303,"['mac', 'writer']",colleen.wainwright,"['macbook-pro', 'macbook-air', 'cinema-display', 'the-skinny-sleeve-macbook-air', 'wt-duffel', 'airport-extreme', 'laserjet-2100tn', 'iphone-3g', 'iphone-4s', 'ipad-3', 'kindle', 'the-waste-land-ios', 'paperless-field-guide', 'snowball', 'perfection-v30', 'lumix-dmc-tz4', '2.4-ghz-cordless-presenter', 'pitt-artist-pen', 'mac-os-x', 'creative-suite', 'google-calendar', 'address-book', 'pdfpenpro', 'mail-ios', 'messages-ios', 'grocery-iq-ios', 'safari-ios', 'google-reader', 'simplenote-ios', 'due-ios']"
304,"['developer', 'linux', 'mac']",rob.pike,"['plan-9', 'macbook-air', 'plan-9-user-space']"
305,['baker'],josey.baker,[]
306,"['developer', 'linux', 'software']",joey.hess,"['inspiron-mini-9', 'xfce', 'mpd']"
307,"['developer', 'mac', 'web', 'writer']",gabriel.roth,"['macbook-pro', 'ipad-3', 'hd-201', 'word', 'sequel-pro', 'zooom', 'path-finder', 'f.lux']"
308,"['data', 'developer', 'mac']",rachel.binx,"['macbook-pro', 'iphone-4', 'le-pen', 'rebel-xti', 'sublime-text-2', 'internet-explorer', 'google-docs', 'thunderbolt-display', 'advantage-usb', 'magic-mouse']"
309,"['artist', 'mac']",david.hellman,"['macbook-pro', 'cinema-display', 'intuos', 'ipad-2', 'garageband-ios', 'bamboo', 'jot-touch', 'g-301-gel', 'procreate-ios']"
310,"['professor', 'scientist', 'windows']",robin.zebrowski,"['portege-r700', 'diablo-3', 'nb505', 'drobo-fs', 'mindstorms', 'the-scribbler', 'iphone-4', 'rebel-t3', 'rebel-xt', 'ef-100mm-f2.8-macro-usm', 'bricxcc', 'word', 'taskk', 'the-force-trainer', 'eeg-neuroheadset', 'brainport-v100']"
311,"['developer', 'linux', 'mac', 'software']",greg.kh,"['macbook-pro', 'galaxy-nexus', 'nexus-7', 'gentoo', 'arch-linux', 'gnome', 'cyanogen']"
312,"['artist', 'designer', 'game', 'hacker', 'linux', 'mac']",tamas.kemenczy,"['kentucky-route-zero', 'cinema-display', 'macbook-air', 'mdr-7506', 'macbook-pro', 'thinkpad-t60p', 'ideapad-v570', 'keyboard', 'magic-mouse', 'mac-os-x', 'ichat', 'gimp', 'unity', 'c-sharp', 'make', 'screen']"
313,"['data', 'developer', 'linux']",yihui.xie,"['thinkpad-t510', 'unity.2', 'dreamweaver', 'access', 'd3.js']"
314,"['developer', 'game', 'windows']",jim.crawford,"['frog-fractions', 'windows-7', 'macbook-pro', 'syncmaster-2333hd', 'h1', 'commodore-128', 'visual-studio', 'flashdevelop', 'google-docs', 'fl-studio', 'schism-tracker', 'turbo-assembler']"
315,"['developer', 'librarian', 'mac', 'web']",robin.davis,"['macbook-air', 'macbook-pro', 'ipad-2', 'iphone-5', 'elements-desktop', 'kindle', 'captivate', 'office', 'ntlk', 'sql-developer', 'data-miner', 'time-machine', 'instagram-ios']"
316,"['bsd', 'developer', 'linux', 'security', 'software']",daniel.cid,"['keyboard', 'centos', 'macbook-air']"
317,"['developer', 'web']",kate.ray,"['scroll-kit', 'macbook-pro', 'mstand', 'magic-trackpad', 'mdr-7506', 'laser-stars', 'iterm2', 'sublime-text-2', 'gitapp-ios', 'google-docs']"
318,"['mac', 'musician']",pete.zeldman,"['mac-pro', '828mk3-hybrid', 're20', 'md-421', 'sm57', 'logic-pro', 'final-cut-pro']"
319,"['designer', 'mac', 'suit']",dan.hill,"['macbook-air', 'macbook', 'macbook-pro', 'e-p1', 'cyber-shot-dsc-rx100', 'aeron', 'mac-mini', 'creative-suite', 'ia-writer-mac', 'kindle-for-mac', 'quicktime-pro', 'final-cut-pro', 'path-ios', 'instagram-ios']"
320,"['developer', 'hacker', 'mac', 'software']",scanlime,"['macbook-air', 'ristretto-13-inch', 'custom-citizen', 'u2711', 'cinema-display', '1621a', 'bs100u', 'fluke-179', 'wes51', '850b', 'thing-o-matic', 'mac-os-x', 'sublime-text-2', 'illustrator', 'c-plusplus', 'macbook-pro']"
321,"['chef', 'developer', 'food', 'linux', 'software']",jonas.m.luster,"['nexus-7', 'arch-linux', 'galaxy-s-iii', 'eee-pad-transformer-tf101', 'raspberry-pi', 'p3-pico', 'edge', 'sublime-text-2', 'edge-inspect', 'google-apps-script', 'google-apps', 'google-docs']"
322,"['audio', 'film', 'linux', 'podcaster', 'writer']",seth.kenlon,"['slackware', 'raspberry-pi', 'bash']"
323,"['developer', 'editor', 'software', 'writer']",matt.neuburg,"['script-debugger', 'mac-mini', 'zr24w', 'ipad-3', 'napolitana', 'asciidoc-textmate', 'frontier', 'snapz-pro-x']"
324,"['editor', 'mac', 'writer']",nicole.jones,"['macbook-air', 'thunderbolt-display', 'keyboard', 'm500', 'iphone-4s', 'kindle-touch', 'finepix-x100', 'd80', 'af-nikkor-50mm-f1.4d', 'af-zoom-nikkor-18-35mm-f3.5-4.5d-if-ed', 'f-5xb', 'ae2', 'ss-b1000', 'pslx350h', 'airport-express', 'mac-os-x', 'google-apps', 'mail', 'facebook-messenger-ios', 'ia-writer-mac', 'reading', 'reeder-ios', 'readmill-ios', 'tweetbot-ios', 'littlesnapper', 'instacast-ios', 'day-one-ios', 'risom-desk', 'eames-side-chair', 'imac']"
325,"['artist', 'cosplay']",laura.jansen,"['expert-variable-heat-hot-air-gun-kit', 'worblas-finest-art', 'kobracast-art']"
326,"['audio', 'mac']",michael.raphael,"['cmc-5-ug', 'mk-4', 'mk-8', 'cs-104', '744t', 'hn-7506', 'mp-2', 'mk-41', '4060', 'kmr-81-i', 'cub-01', 'mkh-30', 'mkh-40', 'mkh-60', 'h2a-xlr', 'macbook-pro', 'data-doubler', 'voyager-q', 'hudzee', 'scansnap-s1300', '2000', 'pro-tools', 'v4pro', 'foldingtext', 'address-book', 'ical']"
327,"['mac', 'writer']",sean.t.collins,"['macbook', 'ipod-classic', 'word', 'movable-type']"
328,"['developer', 'linux', 'mac', 'software', 'writer']",chad.fowler,"['macbook-air', 'macbook-pro', 'mac-pro', 'ipad-mini', 'iphone-4s', 'nexus-7', 'surface', 'apple-tv', 'yas-875ex', 'ultralite-mk3', 'google-docs', 'google-talk', 'lisp', 'logic-pro', 'pro-tools', 'chrome-os']"
329,"['developer', 'mac', 'researcher', 'software']",peter.molfese,"['mac-pro', 'thunderbolt-display', 'keyboard', 'magic-mouse', 'a40', 'aeron', 'macbook-air', 'ipad-2', 'iphone-5', 'mac-os-x', 'gsl', 'parallel', 'mail', 'delicious-library', 'ical', 'net-station', 'windows-7', 'vmware-fusion', 'c-plusplus', 'objective-c', 'word', 'excel', 'papers', 'creative-suite', 'coda', 'macbook-pro', 'htcondor', 'drobo-5d']"
330,"['developer', 'game', 'musician', 'windows']",joost.van.dongen,"['ps3', 'xbox-360', 'wii', 'cello-fortress', 'windows-7', 'windows-xp', 'c01u', 'oxygen-49', 'c-plusplus', 'visual-studio', '3ds-max', 'photoshop', 'v-ray', 'notepad-plusplus', 'cubase-le']"
331,"['developer', 'game', 'mac']",henry.smith,"['spaceteam-ios', 'mac-pro', 'macbook-air', 'iphone-4s', 'ipad-2', 'h1', 'xv-88', 'xbox-360', 'ps3', 'hd72', 'ds', 'psp', 'objective-c-plusplus', 'filter-forge', 'remember-the-milk']"
332,"['designer', 'game', 'mac']",greg.wohlwend,"['hundreds-ios', 'gasketball-ios', 'solipskier-ios', 'macbook-pro', 'm305', 'iphone-4', 'ipad', 'ipad-3', 'cristal', 'intuos', 'porta-pro', 'xacti-vpc-fh1a', 'creative-suite', 'after-effects', 'cloudapp', 'silo', 'cinema-4d', 'ia-writer-mac', 'artrage-studio', 'liveview-ios', 'dropbox-ios', 'oculus-rift']"
333,"['astrologer', 'mac', 'musician']",scout.niblett,"['mustang', 'pro-reverb', 'tube-screamer', 'big-muff', 'h4n', 'macbook-pro']"
334,"['crafter', 'mac']",david.bull,"['eos-650d', 'h2-handy-recorder', 'movable-type']"
335,"['professor', 'linux', 'mac', 'windows']",gene.spafford,"['macbook-pro', 'macbook-air', 'windows-7', 'mac-mini', 'workforce-545', 'perfection-1660', 'ipad-3', 'pages', 'word', 'numbers', 'excel', 'keynote', 'powerpoint', 'parallels-desktop', 'windows-vista', 'windows-8', 'red-hat-enterprise-desktop']"
336,"['developer', 'mac', 'software', 'writer']",mike.fogus,"['inspiron-mini-9', 'iphone-4', 'sl-5500', 'ipad-3', 'kindle', 'macbook-pro', 'model-m', 'keyboard', 'intellimouse', 'g2-pro', 'f-301', 'notebook-mac', 'babel', 'habit-list-ios', 'wunderlist', 'google-apps', 'wolfram-alpha', 'wayback-machine', 'delicious-library']"
337,"['lawyer', 'mac', 'photographer']",brian.brophy,"['photosmart-c4580', 'powershot-g15', 'lumix-dmc-lx3', 'rebel-xti', 'promaster-2500edf-canon', 'photoshop-elements', 'photoshop', 'rb67']"
338,"['windows', 'writer', 'game', 'software', 'developer']",chris.dahlen,"['mark-of-the-ninja', 'word', 'precise-v5', 'excel', 'google-docs', 'visual-studio', 'notepad-plusplus']"
339,"['beekeeper', 'illustrator', 'mac']",jana.kinsman,"['macbook-air', 'perfection-v600', 'scanjet-professional-1000', 'g-drive-mini', 'iphone-4s', 'pigment-liner-308', 'langstroth-hive', 'honey-super', 'm00926-smoker', 'px-10', 'back-roller-classic', 'creative-suite', 'instagram-ios', 'google-drive', 'hundreds-ios', 'osmos-ios']"
340,"['data', 'developer', 'mac']",fred.benenson,"['macbook-pro', 'mac-pro', 'eos-5d-mark-ii', 'ef-50mm-f1.2l-usm', 'sublime-text-2', 'sequel-pro']"
341,"['artist', 'game', 'windows']",lee.petty,"['intuos', 'cintiq', 'ipad-2', 'thinkpad-x61', 'col-erase', 'v-razor-point', 'photoshop', 'sketchbook-pro', 'procreate-ios', 'maya', 'zbrush', 'after-effects', 'flash', 'crazybump', 'toolbag', 'surface-pro']"
342,"['illustrator', 'mac']",steven.sanders,"['cintiq', 'mac-pro', 'windows-7', 'boot-camp', 'rx-320d', 'connect.2', 'photoshop', 'dreamweaver', 'sketchbook-pro', 'sketchup-pro', 'mac-os-x']"
343,"['developer', 'game', 'mac', 'web', 'windows']",vaughn.royko,"['compaq-6535b', 'sublime-text-2', 'photoshop', 'illustrator', 'internet-explorer', 'google-docs', 'google-drive', 'premiere', 'windows-7', 'mac-os-x']"
344,"['developer', 'linux', 'mac', 'software']",joe.armstrong,"['macbook-pro', 'macbook-air', 'ds411slim', 'raspberry-pi', 'arduino', 'latitude-e6430', 'lumix-dmc-g3', 'integra-7', 'rd-700nx', 'quietcomfort-15', 'photoshop-elements', 'subversion', 'lisp']"
345,"['designer', 'fashion', 'mac', 'suit']",tom.bihn,"['4-color', '206rb-5', 'sth-8bld-3', 'roll-up-iii', 'macbook-pro', 'accuplot-320', 'pattern-design', 'illustrator']"
346,"['developer', 'food', 'mac', 'software']",michael.natkin,"['after-effects', 'macbook-pro', 'd300', 'af-nikkor-50mm-f1.4d', 'af-vr-micro-nikkor-105mm-f-2.8g-if-ed', 'c-plusplus']"
347,"['developer', 'game', 'windows', 'writer']",aura,"['katawa-shoujo', 'hd-429', 'dra-f101', 'dm601-s3', 'galaxy-gio', 'windows-vista', 'openoffice', 'ywriter', 'tortoisesvn', 'firefox-android', 'tweetdeck-android', 'twitter-android', 'macbook-air']"
348,"['designer', 'mac', 'web']",patric.king,"['mac-os-x', 'macbook-pro', 'creative-suite', 'creative-cloud', 'do', 'google-plus', 'cinema-4d', 'illustrator']"
349,['coffee'],john.battaglia,"['ug22', 'roast']"
350,"['linux', 'engineer']",adrian.bowyer,['printrun']
351,"['mac', 'music', 'video', 'windows']",jonny.wilson,"['macbook-pro', 'rane-sl-4', 'djm-800', 'cdj-1000', 'vegas-pro', 'after-effects', 'live', 'vjay-ios']"
352,"['developer', 'mac']",cameron.walters,"['get-satisfaction', 'macbook-pro', 'thunderbolt-display', 'magic-trackpad', 'macbook-air', 'mac-mini', 'apple-tv', 'iphone-4s', 'sublime-text-2', 'iterm2', 'chrome', 'ia-writer-mac']"
